Name,Price,Rating,URL
"Lenovo Yoga Slim 7 Aura Edition Intel Evo Core Ultra 7 258V (32GB RAM/1TB SSD/15(38.86cm)/Copilot+ PC/Windows 11/Office Home 2024/Grey/1.53Kg), 83HM004NIN AI Laptop","1,47,990",5.0 out of 5 stars,https://amazon.in//sspa/click?ie=UTF8&spc=MTo2NDUyMzUzNzkzNjkyNjkzOjE3MzkwNDIyMDk6c3BfYXRmOjMwMDQ3NTkyNzgxODUzMjo6MDo6&url=%2FLenovo-38-86cm-Copilot-Windows-83HM004NIN%2Fdp%2FB0DP6RBVSK%2Fref%3Dsr_1_1_sspa%3Fcrid%3D4EWMQE3KTUMK%26dib%3DeyJ2IjoiMSJ9.vhRlXsQCtqAyUobK7c89a7xEDpoNHsX-CnC61TnqBV-MXtNv23xcYWXK-95uyHZqYMS9Lq3cygKjk82hwSRU4vofezdBCbcten8eB1ZTj5rWLJi3mofxz6uhZYK3yny-X6Mwhq33-MghpFY_ECGhllI8CvPoksi0ojRR8cHdTES6hjRfUgsGqP7-FmOODlbBTVzy7l5vhu1L6a1My-g0CilpaZCFWGhLSAYPdyYvHLA.v5I8x4IioCzeZDHx2LP7zvJ8Vq_zc7yYBjlRSTKzyKo%26dib_tag%3Dse%26keywords%3Dlaptops%26qid%3D1739042209%26sprefix%3Dlaptops%252Caps%252C261%26sr%3D8-1-spons%26sp_csd%3Dd2lkZ2V0TmFtZT1zcF9hdGY%26psc%3D1
,,,
,,,
,,,
,,,
"ASUS Vivobook Go 14, Thin and Light Laptop, AMD Ryzen 3 7320U, 14"" (35.56 cm) FHD, (8 GB RAM/512GB SSD/Windows 11/Office 2021/42WHr /Black/1.38 kg), E1404FA-NK325WS","31,990",4.0 out of 5 stars,https://amazon.in//sspa/click?ie=UTF8&spc=MTo4MzYzNzUwNDAxMzAwMTcxOjE3MzkwNDIyMjE6c3BfbXRmOjMwMDA2NzM3NTM0NjkzMjo6MDo6&url=%2FASUS-Vivobook-Laptop-Office-E1404FA-NK325WS%2Fdp%2FB0CCPC5DTD%2Fref%3Dsr_1_11_sspa%3Fcrid%3D4EWMQE3KTUMK%26dib%3DeyJ2IjoiMSJ9.vhRlXsQCtqAyUobK7c89a7xEDpoNHsX-CnC61TnqBV-MXtNv23xcYWXK-95uyHZqYMS9Lq3cygKjk82hwSRU4vofezdBCbcten8eB1ZTj5rWLJi3mofxz6uhZYK3yny-X6Mwhq33-MghpFY_ECGhllI8CvPoksi0ojRR8cHdTES6hjRfUgsGqP7-FmOODlbBTVzy7l5vhu1L6a1My-g0CilpaZCFWGhLSAYPdyYvHLA.v5I8x4IioCzeZDHx2LP7zvJ8Vq_zc7yYBjlRSTKzyKo%26dib_tag%3Dse%26keywords%3Dlaptops%26qid%3D1739042221%26sprefix%3Dlaptops%252Caps%252C261%26sr%3D8-11-spons%26sp_csd%3Dd2lkZ2V0TmFtZT1zcF9tdGY%26psc%3D1
,,,
,,,
"ASUS Vivobook Go 14 (2023), AMD Ryzen 5 7520U, 14-inch (35.56 cm) FHD, Thin & Light Laptop (8GB/512GB SSD/Windows 11/Office 2021/Alexa Built-in/Silver/1.38 kg), E1404FA-NK521WS","37,990",4.1 out of 5 stars,https://amazon.in//sspa/click?ie=UTF8&spc=MTo4MzYzNzUwNDAxMzAwMTcxOjE3MzkwNDIyMjE6c3BfbXRmOjMwMDE1NjE5NDY4MTQzMjo6MDo6&url=%2FASUS-Vivobook-14-inch-Windows-E1404FA-NK521WS%2Fdp%2FB0BVMM9CW5%2Fref%3Dsr_1_12_sspa%3Fcrid%3D4EWMQE3KTUMK%26dib%3DeyJ2IjoiMSJ9.vhRlXsQCtqAyUobK7c89a7xEDpoNHsX-CnC61TnqBV-MXtNv23xcYWXK-95uyHZqYMS9Lq3cygKjk82hwSRU4vofezdBCbcten8eB1ZTj5rWLJi3mofxz6uhZYK3yny-X6Mwhq33-MghpFY_ECGhllI8CvPoksi0ojRR8cHdTES6hjRfUgsGqP7-FmOODlbBTVzy7l5vhu1L6a1My-g0CilpaZCFWGhLSAYPdyYvHLA.v5I8x4IioCzeZDHx2LP7zvJ8Vq_zc7yYBjlRSTKzyKo%26dib_tag%3Dse%26keywords%3Dlaptops%26qid%3D1739042221%26sprefix%3Dlaptops%252Caps%252C261%26sr%3D8-12-spons%26sp_csd%3Dd2lkZ2V0TmFtZT1zcF9tdGY%26psc%3D1
,,,
,,,
"Lenovo V14 G3 Intel Core i5 12th Gen 1235U /16GB/512GB SSD/Intel UHD Graphics/Windows 11/ Thin and Light Business Laptop/14.0"" FHD Display/Iron Grey/1.57 kg","38,500",3.7 out of 5 stars,https://amazon.in//Lenovo-V14-G3-Graphics-Business/dp/B08HJWSGW6/ref=sr_1_13?crid=4EWMQE3KTUMK&dib=eyJ2IjoiMSJ9.vhRlXsQCtqAyUobK7c89a7xEDpoNHsX-CnC61TnqBV-MXtNv23xcYWXK-95uyHZqYMS9Lq3cygKjk82hwSRU4vofezdBCbcten8eB1ZTj5rWLJi3mofxz6uhZYK3yny-X6Mwhq33-MghpFY_ECGhllI8CvPoksi0ojRR8cHdTES6hjRfUgsGqP7-FmOODlbBTVzy7l5vhu1L6a1My-g0CilpaZCFWGhLSAYPdyYvHLA.v5I8x4IioCzeZDHx2LP7zvJ8Vq_zc7yYBjlRSTKzyKo&dib_tag=se&keywords=laptops&qid=1739042221&sprefix=laptops%2Caps%2C261&sr=8-13
,,,
,,,
,,,
"Acer Aspire Lite AMD Ryzen 5-5625U Premium Thin and Light Laptop (16 GB RAM/512 GB SSD/Windows 11 Home) AL15-41, 39.62 cm (15.6"") Full HD Display, Metal Body, Steel Gray, 1.59 KG","33,490",3.9 out of 5 stars,https://amazon.in//5-5625U-Premium-Windows-AL15-41-Display/dp/B0DG2GCTD7/ref=sr_1_14?crid=4EWMQE3KTUMK&dib=eyJ2IjoiMSJ9.vhRlXsQCtqAyUobK7c89a7xEDpoNHsX-CnC61TnqBV-MXtNv23xcYWXK-95uyHZqYMS9Lq3cygKjk82hwSRU4vofezdBCbcten8eB1ZTj5rWLJi3mofxz6uhZYK3yny-X6Mwhq33-MghpFY_ECGhllI8CvPoksi0ojRR8cHdTES6hjRfUgsGqP7-FmOODlbBTVzy7l5vhu1L6a1My-g0CilpaZCFWGhLSAYPdyYvHLA.v5I8x4IioCzeZDHx2LP7zvJ8Vq_zc7yYBjlRSTKzyKo&dib_tag=se&keywords=laptops&qid=1739042221&sprefix=laptops%2Caps%2C261&sr=8-14
,,,
,,,
"ASUS Vivobook 15, Intel Core i5-12500H 12th Gen,Thin and Light Laptop,15.6"" (39.62 cm) FHD, (8GB RAM/512GB/Windows11/Office 2021/Blue/1.7 kg), X1502ZA-EJ523WS","46,990",4.0 out of 5 stars,https://amazon.in//ASUS-Vivobook-i5-12500H-Laptop-X1502ZA-EJ523WS/dp/B0C5N3G2MD/ref=sr_1_15?crid=4EWMQE3KTUMK&dib=eyJ2IjoiMSJ9.vhRlXsQCtqAyUobK7c89a7xEDpoNHsX-CnC61TnqBV-MXtNv23xcYWXK-95uyHZqYMS9Lq3cygKjk82hwSRU4vofezdBCbcten8eB1ZTj5rWLJi3mofxz6uhZYK3yny-X6Mwhq33-MghpFY_ECGhllI8CvPoksi0ojRR8cHdTES6hjRfUgsGqP7-FmOODlbBTVzy7l5vhu1L6a1My-g0CilpaZCFWGhLSAYPdyYvHLA.v5I8x4IioCzeZDHx2LP7zvJ8Vq_zc7yYBjlRSTKzyKo&dib_tag=se&keywords=laptops&qid=1739042221&sprefix=laptops%2Caps%2C261&sr=8-15
,,,
,,,
"Acer Aspire 3 Laptop Intel Core Celeron N4500 Processor Laptop (8 GB LPDDR4X SDRAM/256 GB SSD/Win11 Home/38 WHR/HD Webcam) A325-45 with 39.63 cm (15.6"") HD Display, Pure Silver, 1.5 KG","22,990",3.3 out of 5 stars,https://amazon.in//Acer-Celeron-Processor-LPDDR4X-A325-45/dp/B0D7PTFFZH/ref=sr_1_16?crid=4EWMQE3KTUMK&dib=eyJ2IjoiMSJ9.vhRlXsQCtqAyUobK7c89a7xEDpoNHsX-CnC61TnqBV-MXtNv23xcYWXK-95uyHZqYMS9Lq3cygKjk82hwSRU4vofezdBCbcten8eB1ZTj5rWLJi3mofxz6uhZYK3yny-X6Mwhq33-MghpFY_ECGhllI8CvPoksi0ojRR8cHdTES6hjRfUgsGqP7-FmOODlbBTVzy7l5vhu1L6a1My-g0CilpaZCFWGhLSAYPdyYvHLA.v5I8x4IioCzeZDHx2LP7zvJ8Vq_zc7yYBjlRSTKzyKo&dib_tag=se&keywords=laptops&qid=1739042221&sprefix=laptops%2Caps%2C261&sr=8-16
,,,
,,,
"HP Victus, 12th Gen Intel Core i5-12450H, NVIDIA RTX 2050, 16GB DDR4, 512GB SSD (Win11, Office21, Blue, 2.3kg) 144Hz, 9MS, IPS, 15.6-inch(39.6cm) Gaming Laptop, Enhanced Cooling, fa1227TX/fa1314TX","62,990",4.0 out of 5 stars,https://amazon.in//HP-i5-12450H-15-6-inch-Response-fa1373TX/dp/B0D2DDJ6PJ/ref=sr_1_5?crid=4EWMQE3KTUMK&dib=eyJ2IjoiMSJ9.vhRlXsQCtqAyUobK7c89a7xEDpoNHsX-CnC61TnqBV-MXtNv23xcYWXK-95uyHZqYMS9Lq3cygKjk82hwSRU4vofezdBCbcten8eB1ZTj5rWLJi3mofxz6uhZYK3yny-X6Mwhq33-MghpFY_ECGhllI8CvPoksi0ojRR8cHdTES6hjRfUgsGqP7-FmOODlbBTVzy7l5vhu1L6a1My-g0CilpaZCFWGhLSAYPdyYvHLA.v5I8x4IioCzeZDHx2LP7zvJ8Vq_zc7yYBjlRSTKzyKo&dib_tag=se&keywords=laptops&qid=1739042209&sprefix=laptops%2Caps%2C261&sr=8-5
"HP 15 AMD Ryzen 3 7320U (8GB Ram/512GB SSD/Fhd/15.6"" (39.6 Cm)/Backlit Keyboard/Windows 11/Ms Office 21/1.59Kg/Silver) Fc0026Au Laptop","31,432",4.0 out of 5 stars,https://amazon.in//HP-Backlit-Keyboard-Windows-Fc0026Au/dp/B0C3RCR4K7/ref=sr_1_17?crid=4EWMQE3KTUMK&dib=eyJ2IjoiMSJ9.vhRlXsQCtqAyUobK7c89a7xEDpoNHsX-CnC61TnqBV-MXtNv23xcYWXK-95uyHZqYMS9Lq3cygKjk82hwSRU4vofezdBCbcten8eB1ZTj5rWLJi3mofxz6uhZYK3yny-X6Mwhq33-MghpFY_ECGhllI8CvPoksi0ojRR8cHdTES6hjRfUgsGqP7-FmOODlbBTVzy7l5vhu1L6a1My-g0CilpaZCFWGhLSAYPdyYvHLA.v5I8x4IioCzeZDHx2LP7zvJ8Vq_zc7yYBjlRSTKzyKo&dib_tag=se&keywords=laptops&qid=1739042221&sprefix=laptops%2Caps%2C261&sr=8-17
,,,
,,,
"Dell Inspiron 3530 13th Gen Laptop, Intel Core i3-1305U/8GB/512GB SSD/15.6"" (39.62cm) FHD WVA AG 120Hz 250 nits Narrow Border/Windows 11+MSO'21/McAfee 15 Month/Platinum Silver/1.62kg","37,990",3.7 out of 5 stars,https://amazon.in//Dell-Inspiron-i3-1305U-39-62cm-Platinum/dp/B0DRKPKH7P/ref=sr_1_18?crid=4EWMQE3KTUMK&dib=eyJ2IjoiMSJ9.vhRlXsQCtqAyUobK7c89a7xEDpoNHsX-CnC61TnqBV-MXtNv23xcYWXK-95uyHZqYMS9Lq3cygKjk82hwSRU4vofezdBCbcten8eB1ZTj5rWLJi3mofxz6uhZYK3yny-X6Mwhq33-MghpFY_ECGhllI8CvPoksi0ojRR8cHdTES6hjRfUgsGqP7-FmOODlbBTVzy7l5vhu1L6a1My-g0CilpaZCFWGhLSAYPdyYvHLA.v5I8x4IioCzeZDHx2LP7zvJ8Vq_zc7yYBjlRSTKzyKo&dib_tag=se&keywords=laptops&qid=1739042221&sprefix=laptops%2Caps%2C261&sr=8-18
,,,
,,,
"ASUS TUF Gaming, Gaming Laptop, 14"" FHD, 165Hz 400 nits, AMD Ryzen AI 9 HX 370 Processor 2.0GHz (32GB RAM/2TB SSD/NVIDIA GeForce RTX 4060/Windows 11/Office 2021//Jaeger Gray/1.46 Kg), FA401WV-RG037WS","1,64,990",4.3 out of 5 stars,https://amazon.in//ASUS-Processor-GeForce-Windows-FA401WV-RG037WS/dp/B0DBLMYJJ6/ref=sr_1_19?crid=4EWMQE3KTUMK&dib=eyJ2IjoiMSJ9.vhRlXsQCtqAyUobK7c89a7xEDpoNHsX-CnC61TnqBV-MXtNv23xcYWXK-95uyHZqYMS9Lq3cygKjk82hwSRU4vofezdBCbcten8eB1ZTj5rWLJi3mofxz6uhZYK3yny-X6Mwhq33-MghpFY_ECGhllI8CvPoksi0ojRR8cHdTES6hjRfUgsGqP7-FmOODlbBTVzy7l5vhu1L6a1My-g0CilpaZCFWGhLSAYPdyYvHLA.v5I8x4IioCzeZDHx2LP7zvJ8Vq_zc7yYBjlRSTKzyKo&dib_tag=se&keywords=laptops&qid=1739042221&sprefix=laptops%2Caps%2C261&sr=8-19
,,,
,,,
"Samsung Galaxy Book3 Pro Intel 13th Gen i5 EvoTM 35.56cm(14"") Dynamic Amoled 2X, 3K Display, 120Hz, Ultra Thin & Light Laptop(16 GB/512 GB SSD/Windows 11/MS Office/Graphite/1.17Kg), NP940XFG-KC1IN","97,150",4.0 out of 5 stars,https://amazon.in//Samsung-35-56cm-Dynamic-Graphite-NP940XFG-KC1IN/dp/B0BSH3JFP2/ref=sr_1_20?crid=4EWMQE3KTUMK&dib=eyJ2IjoiMSJ9.vhRlXsQCtqAyUobK7c89a7xEDpoNHsX-CnC61TnqBV-MXtNv23xcYWXK-95uyHZqYMS9Lq3cygKjk82hwSRU4vofezdBCbcten8eB1ZTj5rWLJi3mofxz6uhZYK3yny-X6Mwhq33-MghpFY_ECGhllI8CvPoksi0ojRR8cHdTES6hjRfUgsGqP7-FmOODlbBTVzy7l5vhu1L6a1My-g0CilpaZCFWGhLSAYPdyYvHLA.v5I8x4IioCzeZDHx2LP7zvJ8Vq_zc7yYBjlRSTKzyKo&dib_tag=se&keywords=laptops&qid=1739042221&sprefix=laptops%2Caps%2C261&sr=8-20
,,,
,,,
,,,
"Dell 15 Thin & Light Laptop, Windows 11 Home, Intel Core i5-1235U Processor, 8GB RAM + 512GB SSD, 15.6"" FHD Window 11 + Mso '21, 15 Month Mcafee, Spill-Resistant Keyboard, Black, 1.66Kg","45,490",3.4 out of 5 stars,https://amazon.in//sspa/click?ie=UTF8&spc=MTo4MzYzNzUwNDAxMzAwMTcxOjE3MzkwNDIyMjE6c3BfYnRmOjMwMDEzNzkwMzc3NzczMjo6MDo6&url=%2FDell-i5-1235U-Processor-Antivirus-Spill-Resistant%2Fdp%2FB0CSG4G18G%2Fref%3Dsr_1_21_sspa%3Fcrid%3D4EWMQE3KTUMK%26dib%3DeyJ2IjoiMSJ9.vhRlXsQCtqAyUobK7c89a7xEDpoNHsX-CnC61TnqBV-MXtNv23xcYWXK-95uyHZqYMS9Lq3cygKjk82hwSRU4vofezdBCbcten8eB1ZTj5rWLJi3mofxz6uhZYK3yny-X6Mwhq33-MghpFY_ECGhllI8CvPoksi0ojRR8cHdTES6hjRfUgsGqP7-FmOODlbBTVzy7l5vhu1L6a1My-g0CilpaZCFWGhLSAYPdyYvHLA.v5I8x4IioCzeZDHx2LP7zvJ8Vq_zc7yYBjlRSTKzyKo%26dib_tag%3Dse%26keywords%3Dlaptops%26qid%3D1739042221%26sprefix%3Dlaptops%252Caps%252C261%26sr%3D8-21-spons%26sp_csd%3Dd2lkZ2V0TmFtZT1zcF9idGY%26psc%3D1
,,,
,,,
"Acer Aspire Lite 12th Gen Intel Core i5-12450H Thin and Light Laptop (Windows11Home/16GB RAM/512GB SSD/MSO) AL15-52H, 39.62cm (15.6"") IPS Full HD, Backlit Keyboard, Pure Silver, 1.7KG","52,990",3.9 out of 5 stars,https://amazon.in//sspa/click?ie=UTF8&spc=MTo4MzYzNzUwNDAxMzAwMTcxOjE3MzkwNDIyMjE6c3BfYnRmOjMwMDMyNTkyMDk2MzczMjo6MDo6&url=%2FAcer-i5-12450H-Windows11Home-AL15-52H-Keyboard%2Fdp%2FB0DDL495SX%2Fref%3Dsr_1_22_sspa%3Fcrid%3D4EWMQE3KTUMK%26dib%3DeyJ2IjoiMSJ9.vhRlXsQCtqAyUobK7c89a7xEDpoNHsX-CnC61TnqBV-MXtNv23xcYWXK-95uyHZqYMS9Lq3cygKjk82hwSRU4vofezdBCbcten8eB1ZTj5rWLJi3mofxz6uhZYK3yny-X6Mwhq33-MghpFY_ECGhllI8CvPoksi0ojRR8cHdTES6hjRfUgsGqP7-FmOODlbBTVzy7l5vhu1L6a1My-g0CilpaZCFWGhLSAYPdyYvHLA.v5I8x4IioCzeZDHx2LP7zvJ8Vq_zc7yYBjlRSTKzyKo%26dib_tag%3Dse%26keywords%3Dlaptops%26qid%3D1739042221%26sprefix%3Dlaptops%252Caps%252C261%26sr%3D8-22-spons%26sp_csd%3Dd2lkZ2V0TmFtZT1zcF9idGY%26psc%3D1
,,,
,,,
,,,
,,,
,,,
"Lenovo Yoga Slim 7 Aura Edition Intel Evo Core Ultra 7 258V (32GB RAM/1TB SSD/15(38.86cm)/Copilot+ PC/Windows 11/Office Home 2024/Grey/1.53Kg), 83HM004NIN AI Laptop","1,47,990",5.0 out of 5 stars,https://amazon.in//sspa/click?ie=UTF8&spc=MTo3NDM0NjIxMzc5NjM5NTcxOjE3MzkwNDIyMzA6c3BfYXRmX25leHQ6MzAwNDU2NTA3NzM0MzMyOjowOjo&url=%2FLenovo-38-86cm-Copilot-Windows-83HM004NIN%2Fdp%2FB0DP6RBVSK%2Fref%3Dsr_1_17_sspa%3Fcrid%3D4EWMQE3KTUMK%26dib%3DeyJ2IjoiMSJ9.v2dU_afQiAiZUhUkPU1_6d2tqPkSj2FkwlMh1xCoa61hDHSjc_bGDoboeIAOgoQxxcuvHRiUXlprQkiOTE0xleXoNkNrUBMQ_m_RTJWQi1TfEiF5C0N9kCGrW0tYw2A6TsAGCwSiDIG0SWG9ir16BNoRIqP1jN2eRY7YYVsGFBhIGB4LDGgdgykCzDV1gha-vxBnTHrWt5XzCXRwNVmObuodaeJz8Ty7hSy_I6QWvzk.K9cqIb9Y4mYmhR0w-ajbJZum1U-Rf3hRPmxJOMZ40bU%26dib_tag%3Dse%26keywords%3Dlaptops%26qid%3D1739042230%26sprefix%3Dlaptops%252Caps%252C261%26sr%3D8-17-spons%26sp_csd%3Dd2lkZ2V0TmFtZT1zcF9hdGZfbmV4dA%26psc%3D1
,,,
,,,
"Dell 15 Thin & Light Laptop, Windows 11 Home, Intel Core i5-1235U Processor, 8GB RAM + 512GB SSD, 15.6"" FHD Window 11 + Mso '21, 15 Month Mcafee, Spill-Resistant Keyboard, Black, 1.66Kg","45,490",3.4 out of 5 stars,https://amazon.in//sspa/click?ie=UTF8&spc=MTo3NDM0NjIxMzc5NjM5NTcxOjE3MzkwNDIyMzA6c3BfYXRmX25leHQ6MzAwMTM3OTAzNzc3NzMyOjowOjo&url=%2FDell-i5-1235U-Processor-Antivirus-Spill-Resistant%2Fdp%2FB0CSG4G18G%2Fref%3Dsr_1_18_sspa%3Fcrid%3D4EWMQE3KTUMK%26dib%3DeyJ2IjoiMSJ9.v2dU_afQiAiZUhUkPU1_6d2tqPkSj2FkwlMh1xCoa61hDHSjc_bGDoboeIAOgoQxxcuvHRiUXlprQkiOTE0xleXoNkNrUBMQ_m_RTJWQi1TfEiF5C0N9kCGrW0tYw2A6TsAGCwSiDIG0SWG9ir16BNoRIqP1jN2eRY7YYVsGFBhIGB4LDGgdgykCzDV1gha-vxBnTHrWt5XzCXRwNVmObuodaeJz8Ty7hSy_I6QWvzk.K9cqIb9Y4mYmhR0w-ajbJZum1U-Rf3hRPmxJOMZ40bU%26dib_tag%3Dse%26keywords%3Dlaptops%26qid%3D1739042230%26sprefix%3Dlaptops%252Caps%252C261%26sr%3D8-18-spons%26sp_csd%3Dd2lkZ2V0TmFtZT1zcF9hdGZfbmV4dA%26psc%3D1
,,,
,,,
"HP Laptop 255 G9 (2024), AMD Ryzen 5 5625U Hexa Core - (8GB/512GB SSD/AMD Radeon Graphics) Thin and Light Business Laptop/15.6"" (39.62cm)/Silver/1.47 kg","29,890",4.2 out of 5 stars,https://amazon.in//HP-Laptop-255-G9-Ryzen/dp/B0DH8831VF/ref=sr_1_19?crid=4EWMQE3KTUMK&dib=eyJ2IjoiMSJ9.v2dU_afQiAiZUhUkPU1_6d2tqPkSj2FkwlMh1xCoa61hDHSjc_bGDoboeIAOgoQxxcuvHRiUXlprQkiOTE0xleXoNkNrUBMQ_m_RTJWQi1TfEiF5C0N9kCGrW0tYw2A6TsAGCwSiDIG0SWG9ir16BNoRIqP1jN2eRY7YYVsGFBhIGB4LDGgdgykCzDV1gha-vxBnTHrWt5XzCXRwNVmObuodaeJz8Ty7hSy_I6QWvzk.K9cqIb9Y4mYmhR0w-ajbJZum1U-Rf3hRPmxJOMZ40bU&dib_tag=se&keywords=laptops&qid=1739042230&sprefix=laptops%2Caps%2C261&sr=8-19
,,,
,,,
"HP Laptop 255 G9 AMD Ryzen 3 3250U Dual Core - (8GB/512GB SSD/AMD Radeon Graphics) Thin and Light Business Laptop/15.6"" (39.62cm)/Black/1.47 kg","24,299",3.7 out of 5 stars,https://amazon.in//HP-Laptop-255-G9-Ryzen/dp/B0DJCWBY7G/ref=sr_1_20?crid=4EWMQE3KTUMK&dib=eyJ2IjoiMSJ9.v2dU_afQiAiZUhUkPU1_6d2tqPkSj2FkwlMh1xCoa61hDHSjc_bGDoboeIAOgoQxxcuvHRiUXlprQkiOTE0xleXoNkNrUBMQ_m_RTJWQi1TfEiF5C0N9kCGrW0tYw2A6TsAGCwSiDIG0SWG9ir16BNoRIqP1jN2eRY7YYVsGFBhIGB4LDGgdgykCzDV1gha-vxBnTHrWt5XzCXRwNVmObuodaeJz8Ty7hSy_I6QWvzk.K9cqIb9Y4mYmhR0w-ajbJZum1U-Rf3hRPmxJOMZ40bU&dib_tag=se&keywords=laptops&qid=1739042230&sprefix=laptops%2Caps%2C261&sr=8-20
,,,
,,,
,,,
"Dell Inspiron 5430 Laptop, Intel Core i5-1335U Processor/ 8GB/ 512GB SSD/ 14.0"" (35.56cm) FHD+ Comfort View/Backlit KB/Windows 11+MSO'21/15 Month McAfee/Platinum Silver, Thunderbolt 4.0 Port,1.59kg","60,990",4.0 out of 5 stars,https://amazon.in//Dell-Inspiron-i5-1335U-Processor-Thunderbolt/dp/B0C2HVSHX6/ref=sr_1_21?crid=4EWMQE3KTUMK&dib=eyJ2IjoiMSJ9.v2dU_afQiAiZUhUkPU1_6d2tqPkSj2FkwlMh1xCoa61hDHSjc_bGDoboeIAOgoQxxcuvHRiUXlprQkiOTE0xleXoNkNrUBMQ_m_RTJWQi1TfEiF5C0N9kCGrW0tYw2A6TsAGCwSiDIG0SWG9ir16BNoRIqP1jN2eRY7YYVsGFBhIGB4LDGgdgykCzDV1gha-vxBnTHrWt5XzCXRwNVmObuodaeJz8Ty7hSy_I6QWvzk.K9cqIb9Y4mYmhR0w-ajbJZum1U-Rf3hRPmxJOMZ40bU&dib_tag=se&keywords=laptops&qid=1739042230&sprefix=laptops%2Caps%2C261&sr=8-21
,,,
,,,
"HP 15, 13th Gen Intel Core i5-1334U, 16GB DDR4, 512GB SSD, (Win 11, Office 21, Silver, 1.59kg), Anti-Glare, 15.6-inch(39.6cm) FHD Laptop, Iris Xe Graphics, FHD Camera, Backlit KB, fd0316TU/fd0315TU","55,490",3.5 out of 5 stars,https://amazon.in//HP-i5-1334U-Anti-glare-15-6-inch-Graphics/dp/B0D4LWYWF9/ref=sr_1_22?crid=4EWMQE3KTUMK&dib=eyJ2IjoiMSJ9.v2dU_afQiAiZUhUkPU1_6d2tqPkSj2FkwlMh1xCoa61hDHSjc_bGDoboeIAOgoQxxcuvHRiUXlprQkiOTE0xleXoNkNrUBMQ_m_RTJWQi1TfEiF5C0N9kCGrW0tYw2A6TsAGCwSiDIG0SWG9ir16BNoRIqP1jN2eRY7YYVsGFBhIGB4LDGgdgykCzDV1gha-vxBnTHrWt5XzCXRwNVmObuodaeJz8Ty7hSy_I6QWvzk.K9cqIb9Y4mYmhR0w-ajbJZum1U-Rf3hRPmxJOMZ40bU&dib_tag=se&keywords=laptops&qid=1739042230&sprefix=laptops%2Caps%2C261&sr=8-22
,,,
,,,
"HP 15s, 12th Gen Intel Core i3-1215U, 8GB DDR4, 512GB SSD, (Win 11, Office 21, Silver, 1.69kg) Anti-glare, Micro-edge, 15.6-inch(39.6cm) FHD laptop, Intel UHD Graphics, HD camera, Backlit KB, fq5327tu","37,201",4.0 out of 5 stars,https://amazon.in//HP-i3-1215U-15-6-inch-Graphics-Speakers/dp/B0BP2M7CCS/ref=sr_1_23?crid=4EWMQE3KTUMK&dib=eyJ2IjoiMSJ9.v2dU_afQiAiZUhUkPU1_6d2tqPkSj2FkwlMh1xCoa61hDHSjc_bGDoboeIAOgoQxxcuvHRiUXlprQkiOTE0xleXoNkNrUBMQ_m_RTJWQi1TfEiF5C0N9kCGrW0tYw2A6TsAGCwSiDIG0SWG9ir16BNoRIqP1jN2eRY7YYVsGFBhIGB4LDGgdgykCzDV1gha-vxBnTHrWt5XzCXRwNVmObuodaeJz8Ty7hSy_I6QWvzk.K9cqIb9Y4mYmhR0w-ajbJZum1U-Rf3hRPmxJOMZ40bU&dib_tag=se&keywords=laptops&qid=1739042230&sprefix=laptops%2Caps%2C261&sr=8-23
,,,
,,,
,,,
"Acer Aspire Lite 12th Gen Intel Core i5-12450H Thin and Light Laptop (Windows11Home/16GB RAM/512GB SSD/MSO) AL15-52H, 39.62cm (15.6"") IPS Full HD, Backlit Keyboard, Pure Silver, 1.7KG","52,990",3.9 out of 5 stars,https://amazon.in//Acer-i5-12450H-Windows11Home-AL15-52H-Keyboard/dp/B0DDL495SX/ref=sr_1_24?crid=4EWMQE3KTUMK&dib=eyJ2IjoiMSJ9.v2dU_afQiAiZUhUkPU1_6d2tqPkSj2FkwlMh1xCoa61hDHSjc_bGDoboeIAOgoQxxcuvHRiUXlprQkiOTE0xleXoNkNrUBMQ_m_RTJWQi1TfEiF5C0N9kCGrW0tYw2A6TsAGCwSiDIG0SWG9ir16BNoRIqP1jN2eRY7YYVsGFBhIGB4LDGgdgykCzDV1gha-vxBnTHrWt5XzCXRwNVmObuodaeJz8Ty7hSy_I6QWvzk.K9cqIb9Y4mYmhR0w-ajbJZum1U-Rf3hRPmxJOMZ40bU&dib_tag=se&keywords=laptops&qid=1739042230&sprefix=laptops%2Caps%2C261&sr=8-24
,,,
,,,
"Dyazo 6 Angles Adjustable Aluminum Ergonomic Foldable Portable Tabletop Laptop/Desktop Riser Stand Holder Compatible for MacBook, HP, Dell, Lenovo & All Other Notebook (Silver)",399,4.3 out of 5 stars,https://amazon.in//Dyazo-Computer-Adjustable-Ergonomic-Compatible/dp/B08LHTJTBB/ref=sr_1_25?crid=4EWMQE3KTUMK&dib=eyJ2IjoiMSJ9.v2dU_afQiAiZUhUkPU1_6d2tqPkSj2FkwlMh1xCoa61hDHSjc_bGDoboeIAOgoQxxcuvHRiUXlprQkiOTE0xleXoNkNrUBMQ_m_RTJWQi1TfEiF5C0N9kCGrW0tYw2A6TsAGCwSiDIG0SWG9ir16BNoRIqP1jN2eRY7YYVsGFBhIGB4LDGgdgykCzDV1gha-vxBnTHrWt5XzCXRwNVmObuodaeJz8Ty7hSy_I6QWvzk.K9cqIb9Y4mYmhR0w-ajbJZum1U-Rf3hRPmxJOMZ40bU&dib_tag=se&keywords=laptops&qid=1739042230&sprefix=laptops%2Caps%2C261&sr=8-25
,,,
,,,
"Lenovo IdeaPad Slim 1 Intel Core Celeron N4020 14"" HD Thin and Light Laptop (8GB/512GB SSD/Windows 11 Home/Office 21/1Yr Warranty/Cloud Grey/1.3Kg), 82V6009LIN","24,490",3.7 out of 5 stars,https://amazon.in//Lenovo-IdeaPad-Celeron-Warranty-82V6009LIN/dp/B0D6Z2H2HR/ref=sr_1_26?crid=4EWMQE3KTUMK&dib=eyJ2IjoiMSJ9.v2dU_afQiAiZUhUkPU1_6d2tqPkSj2FkwlMh1xCoa61hDHSjc_bGDoboeIAOgoQxxcuvHRiUXlprQkiOTE0xleXoNkNrUBMQ_m_RTJWQi1TfEiF5C0N9kCGrW0tYw2A6TsAGCwSiDIG0SWG9ir16BNoRIqP1jN2eRY7YYVsGFBhIGB4LDGgdgykCzDV1gha-vxBnTHrWt5XzCXRwNVmObuodaeJz8Ty7hSy_I6QWvzk.K9cqIb9Y4mYmhR0w-ajbJZum1U-Rf3hRPmxJOMZ40bU&dib_tag=se&keywords=laptops&qid=1739042230&sprefix=laptops%2Caps%2C261&sr=8-26
,,,
,,,
"Acer Aspire 3 Laptop Intel Core Celeron N4500 Processor Laptop (8 GB LPDDR4X SDRAM/512 GB SSD/Win11 Home/38 WHR/HD Webcam) A325-45 with 39.63 cm (15.6"") HD Display, Pure Silver, 1.5 KG","23,990",3.3 out of 5 stars,https://amazon.in//Acer-Celeron-Processor-LPDDR4X-A325-45/dp/B0D7PYTTGH/ref=sr_1_6?crid=4EWMQE3KTUMK&dib=eyJ2IjoiMSJ9.vhRlXsQCtqAyUobK7c89a7xEDpoNHsX-CnC61TnqBV-MXtNv23xcYWXK-95uyHZqYMS9Lq3cygKjk82hwSRU4vofezdBCbcten8eB1ZTj5rWLJi3mofxz6uhZYK3yny-X6Mwhq33-MghpFY_ECGhllI8CvPoksi0ojRR8cHdTES6hjRfUgsGqP7-FmOODlbBTVzy7l5vhu1L6a1My-g0CilpaZCFWGhLSAYPdyYvHLA.v5I8x4IioCzeZDHx2LP7zvJ8Vq_zc7yYBjlRSTKzyKo&dib_tag=se&keywords=laptops&qid=1739042209&sprefix=laptops%2Caps%2C261&sr=8-6
"ASUS Vivobook Go 14, Thin and Light Laptop, AMD Ryzen 3 7320U, 14"" (35.56 cm) FHD, (8 GB RAM/512GB SSD/Windows 11/Office 2021/42WHr /Black/1.38 kg), E1404FA-NK325WS","31,990",4.0 out of 5 stars,https://amazon.in//sspa/click?ie=UTF8&spc=MTo3NDM0NjIxMzc5NjM5NTcxOjE3MzkwNDIyMzA6c3BfbXRmOjMwMDA2NzM3NTM0NjkzMjo6MDo6&url=%2FASUS-Vivobook-Laptop-Office-E1404FA-NK325WS%2Fdp%2FB0CCPC5DTD%2Fref%3Dsr_1_27_sspa%3Fcrid%3D4EWMQE3KTUMK%26dib%3DeyJ2IjoiMSJ9.v2dU_afQiAiZUhUkPU1_6d2tqPkSj2FkwlMh1xCoa61hDHSjc_bGDoboeIAOgoQxxcuvHRiUXlprQkiOTE0xleXoNkNrUBMQ_m_RTJWQi1TfEiF5C0N9kCGrW0tYw2A6TsAGCwSiDIG0SWG9ir16BNoRIqP1jN2eRY7YYVsGFBhIGB4LDGgdgykCzDV1gha-vxBnTHrWt5XzCXRwNVmObuodaeJz8Ty7hSy_I6QWvzk.K9cqIb9Y4mYmhR0w-ajbJZum1U-Rf3hRPmxJOMZ40bU%26dib_tag%3Dse%26keywords%3Dlaptops%26qid%3D1739042230%26sprefix%3Dlaptops%252Caps%252C261%26sr%3D8-27-spons%26sp_csd%3Dd2lkZ2V0TmFtZT1zcF9tdGY%26psc%3D1
,,,
,,,
,,,
,,,
,,,
"MSI Modern 15 H AI, Intel 1st Gen. Ultra 7 155H,Built-in AI, 40CM Laptop(16GB/512GB NVMe SSD/Windows 11 Home/MOS 2021/Intel Arc/Classic Black/1.9Kg), C1MG-048IN","63,990",4.6 out of 5 stars,https://amazon.in//MSI-Modern-Windows-Classic-C1MG-048IN/dp/B0D3WH8NJL/ref=sr_1_29?crid=4EWMQE3KTUMK&dib=eyJ2IjoiMSJ9.v2dU_afQiAiZUhUkPU1_6d2tqPkSj2FkwlMh1xCoa61hDHSjc_bGDoboeIAOgoQxxcuvHRiUXlprQkiOTE0xleXoNkNrUBMQ_m_RTJWQi1TfEiF5C0N9kCGrW0tYw2A6TsAGCwSiDIG0SWG9ir16BNoRIqP1jN2eRY7YYVsGFBhIGB4LDGgdgykCzDV1gha-vxBnTHrWt5XzCXRwNVmObuodaeJz8Ty7hSy_I6QWvzk.K9cqIb9Y4mYmhR0w-ajbJZum1U-Rf3hRPmxJOMZ40bU&dib_tag=se&keywords=laptops&qid=1739042230&sprefix=laptops%2Caps%2C261&sr=8-29
,,,
,,,
"Lenovo V15 Intel Celeron N4500 15.6"" (39.62 cm) FHD (1920x1080) Antiglare 250 Nits Thin and Light Laptop (8GB RAM/256GB SSD/Windows 11 Home/Black/1Y Onsite/1.7 kg), 82QYA00MIN","20,990",3.9 out of 5 stars,https://amazon.in//Lenovo-Celeron-1920x1080-Antiglare-82QYA00MIN/dp/B0C28FKJXG/ref=sr_1_30?crid=4EWMQE3KTUMK&dib=eyJ2IjoiMSJ9.v2dU_afQiAiZUhUkPU1_6d2tqPkSj2FkwlMh1xCoa61hDHSjc_bGDoboeIAOgoQxxcuvHRiUXlprQkiOTE0xleXoNkNrUBMQ_m_RTJWQi1TfEiF5C0N9kCGrW0tYw2A6TsAGCwSiDIG0SWG9ir16BNoRIqP1jN2eRY7YYVsGFBhIGB4LDGgdgykCzDV1gha-vxBnTHrWt5XzCXRwNVmObuodaeJz8Ty7hSy_I6QWvzk.K9cqIb9Y4mYmhR0w-ajbJZum1U-Rf3hRPmxJOMZ40bU&dib_tag=se&keywords=laptops&qid=1739042230&sprefix=laptops%2Caps%2C261&sr=8-30
,,,
,,,
,,,
"HP Victus, 13th Gen Intel Core i7-13620H, 6GB NVIDIA RTX 4050, 16GB DDR6, 1TB SSD (Win11, Office21, Silver, 2.3kg) 144Hz, IPS, 15.6-inch(39.6cm) Flicker-Free Gaming Laptop, Enhanced Cooling, fa1332TX","89,999",3.7 out of 5 stars,https://amazon.in//HP-I7-13620H-15-6-Inch-Response-Fa1332Tx/dp/B0D2DHNKFB/ref=sr_1_31?crid=4EWMQE3KTUMK&dib=eyJ2IjoiMSJ9.v2dU_afQiAiZUhUkPU1_6d2tqPkSj2FkwlMh1xCoa61hDHSjc_bGDoboeIAOgoQxxcuvHRiUXlprQkiOTE0xleXoNkNrUBMQ_m_RTJWQi1TfEiF5C0N9kCGrW0tYw2A6TsAGCwSiDIG0SWG9ir16BNoRIqP1jN2eRY7YYVsGFBhIGB4LDGgdgykCzDV1gha-vxBnTHrWt5XzCXRwNVmObuodaeJz8Ty7hSy_I6QWvzk.K9cqIb9Y4mYmhR0w-ajbJZum1U-Rf3hRPmxJOMZ40bU&dib_tag=se&keywords=laptops&qid=1739042230&sprefix=laptops%2Caps%2C261&sr=8-31
,,,
,,,
"HP 15s,12th Gen Intel Core i3-1215U, 8GB DDR4, 256GB SSD, Anti-Glare, Micro-Edge, 15.6-inch(39.6cm) FHD Laptop, Intel UHD Graphics, Full-Size KB (Win 11, Office 21, Silver, 1.69kg) fy5010tu","31,490",4.1 out of 5 stars,https://amazon.in//HP-Anti-Glare-Micro-Edge-15-6-inch-Full-Size/dp/B0D4M15QMW/ref=sr_1_32?crid=4EWMQE3KTUMK&dib=eyJ2IjoiMSJ9.v2dU_afQiAiZUhUkPU1_6d2tqPkSj2FkwlMh1xCoa61hDHSjc_bGDoboeIAOgoQxxcuvHRiUXlprQkiOTE0xleXoNkNrUBMQ_m_RTJWQi1TfEiF5C0N9kCGrW0tYw2A6TsAGCwSiDIG0SWG9ir16BNoRIqP1jN2eRY7YYVsGFBhIGB4LDGgdgykCzDV1gha-vxBnTHrWt5XzCXRwNVmObuodaeJz8Ty7hSy_I6QWvzk.K9cqIb9Y4mYmhR0w-ajbJZum1U-Rf3hRPmxJOMZ40bU&dib_tag=se&keywords=laptops&qid=1739042230&sprefix=laptops%2Caps%2C261&sr=8-32
,,,
,,,
"Acer Chromebook CB315-4H Intel Celeron N4500 (Chrome OS/8 GB RAM/128 GB/WiFi 6) 39.6 cm (15.6"") Full HD, Silver, 1.6 KG, 3 Months Google One AI Premium Plan with Gemini Advanced & 2TB Cloud Storage","18,990",3.6 out of 5 stars,https://amazon.in//Chromebook-CB315-4H-Celeron-Premium-Advanced/dp/B0DH4M1MJ3/ref=sr_1_33?crid=4EWMQE3KTUMK&dib=eyJ2IjoiMSJ9.v2dU_afQiAiZUhUkPU1_6d2tqPkSj2FkwlMh1xCoa61hDHSjc_bGDoboeIAOgoQxxcuvHRiUXlprQkiOTE0xleXoNkNrUBMQ_m_RTJWQi1TfEiF5C0N9kCGrW0tYw2A6TsAGCwSiDIG0SWG9ir16BNoRIqP1jN2eRY7YYVsGFBhIGB4LDGgdgykCzDV1gha-vxBnTHrWt5XzCXRwNVmObuodaeJz8Ty7hSy_I6QWvzk.K9cqIb9Y4mYmhR0w-ajbJZum1U-Rf3hRPmxJOMZ40bU&dib_tag=se&keywords=laptops&qid=1739042230&sprefix=laptops%2Caps%2C261&sr=8-33
,,,
,,,
,,,
"Tygot 6 Angles Adjustable Aluminum Ergonomic Foldable Portable Tabletop Laptop/Desktop Riser Stand Holder Compatible for MacBook, HP, Dell, Lenovo & All Other Notebook (Grey)",299,4.6 out of 5 stars,https://amazon.in//Tygot-Laptop-Stand-Adjustable-OverHeating/dp/B0D9FL6CFX/ref=sr_1_34?crid=4EWMQE3KTUMK&dib=eyJ2IjoiMSJ9.v2dU_afQiAiZUhUkPU1_6d2tqPkSj2FkwlMh1xCoa61hDHSjc_bGDoboeIAOgoQxxcuvHRiUXlprQkiOTE0xleXoNkNrUBMQ_m_RTJWQi1TfEiF5C0N9kCGrW0tYw2A6TsAGCwSiDIG0SWG9ir16BNoRIqP1jN2eRY7YYVsGFBhIGB4LDGgdgykCzDV1gha-vxBnTHrWt5XzCXRwNVmObuodaeJz8Ty7hSy_I6QWvzk.K9cqIb9Y4mYmhR0w-ajbJZum1U-Rf3hRPmxJOMZ40bU&dib_tag=se&keywords=laptops&qid=1739042230&sprefix=laptops%2Caps%2C261&sr=8-34
,,,
,,,
"ASUS Vivobook 15, Intel Core i3-1215U, 15.6"" FHD 16:9 60Hz 250nits, (8GB RAM/512GB SSD/Intel UHD Graphics/Win 11 Home/Office 2021/Backlit/42WHr Battery/Cool Silver/1.7 Kg), X1504ZA-NJ320WS","32,990",3.7 out of 5 stars,https://amazon.in//ASUS-Vivobook-IntelCore-Fingerprint-X1404ZA-NK321WS/dp/B0CCP9PH92/ref=sr_1_35?crid=4EWMQE3KTUMK&dib=eyJ2IjoiMSJ9.v2dU_afQiAiZUhUkPU1_6d2tqPkSj2FkwlMh1xCoa61hDHSjc_bGDoboeIAOgoQxxcuvHRiUXlprQkiOTE0xleXoNkNrUBMQ_m_RTJWQi1TfEiF5C0N9kCGrW0tYw2A6TsAGCwSiDIG0SWG9ir16BNoRIqP1jN2eRY7YYVsGFBhIGB4LDGgdgykCzDV1gha-vxBnTHrWt5XzCXRwNVmObuodaeJz8Ty7hSy_I6QWvzk.K9cqIb9Y4mYmhR0w-ajbJZum1U-Rf3hRPmxJOMZ40bU&dib_tag=se&keywords=laptops&qid=1739042230&sprefix=laptops%2Caps%2C261&sr=8-35
,,,
,,,
"DYAZO 15"" to 15.6 Inch Laptop Sleeve/Cover with Handle & Two Front Accessories Pockets Compatible for Apple, Dell, Lenovo, Asus, Hp, Samsung, Mi, MacBook and Other Notbooks (Grey)",299,4.2 out of 5 stars,https://amazon.in//Accessories-Pockets-Compatible-Samsung-Notbooks/dp/B0BRJ7QX33/ref=sr_1_36?crid=4EWMQE3KTUMK&dib=eyJ2IjoiMSJ9.v2dU_afQiAiZUhUkPU1_6d2tqPkSj2FkwlMh1xCoa61hDHSjc_bGDoboeIAOgoQxxcuvHRiUXlprQkiOTE0xleXoNkNrUBMQ_m_RTJWQi1TfEiF5C0N9kCGrW0tYw2A6TsAGCwSiDIG0SWG9ir16BNoRIqP1jN2eRY7YYVsGFBhIGB4LDGgdgykCzDV1gha-vxBnTHrWt5XzCXRwNVmObuodaeJz8Ty7hSy_I6QWvzk.K9cqIb9Y4mYmhR0w-ajbJZum1U-Rf3hRPmxJOMZ40bU&dib_tag=se&keywords=laptops&qid=1739042230&sprefix=laptops%2Caps%2C261&sr=8-36
,,,
,,,
,,,
"Lenovo IdeaPad 3 12th Gen Intel Core i3-1215U 14 Inch (35.5cm) FHD Thin & Light Laptop (8GB/512GB SSD/Win 11/Office 2021/1 Year Warranty/3months Game Pass/Arctic Grey/1.43Kg), 82RJ00FUIN","33,990",4.0 out of 5 stars,https://amazon.in//Lenovo-IdeaPad-i3-1215U-Warranty-82RJ00FUIN/dp/B0DFH99H7X/ref=sr_1_7?crid=4EWMQE3KTUMK&dib=eyJ2IjoiMSJ9.vhRlXsQCtqAyUobK7c89a7xEDpoNHsX-CnC61TnqBV-MXtNv23xcYWXK-95uyHZqYMS9Lq3cygKjk82hwSRU4vofezdBCbcten8eB1ZTj5rWLJi3mofxz6uhZYK3yny-X6Mwhq33-MghpFY_ECGhllI8CvPoksi0ojRR8cHdTES6hjRfUgsGqP7-FmOODlbBTVzy7l5vhu1L6a1My-g0CilpaZCFWGhLSAYPdyYvHLA.v5I8x4IioCzeZDHx2LP7zvJ8Vq_zc7yYBjlRSTKzyKo&dib_tag=se&keywords=laptops&qid=1739042209&sprefix=laptops%2Caps%2C261&sr=8-7
"Dell [Smartchoice] Windows 11 Home, Intel Core i3-1215U, 12Th Gen (8GB RAM/512GB SSD/FHD/Window 11/Ms Office' 21/15""(38 Cm)/15 Month Mcafee/Black/1.69Kg Laptop","32,990",3.7 out of 5 stars,https://amazon.in//sspa/click?ie=UTF8&spc=MTo3NDM0NjIxMzc5NjM5NTcxOjE3MzkwNDIyMzA6c3BfYnRmOjMwMDA2ODcxNjY4MTEzMjo6MDo6&url=%2FDell-Smartchoice-i3-1215U-Processor-Spill-Resistant%2Fdp%2FB0BQJ68HHC%2Fref%3Dsr_1_37_sspa%3Fcrid%3D4EWMQE3KTUMK%26dib%3DeyJ2IjoiMSJ9.v2dU_afQiAiZUhUkPU1_6d2tqPkSj2FkwlMh1xCoa61hDHSjc_bGDoboeIAOgoQxxcuvHRiUXlprQkiOTE0xleXoNkNrUBMQ_m_RTJWQi1TfEiF5C0N9kCGrW0tYw2A6TsAGCwSiDIG0SWG9ir16BNoRIqP1jN2eRY7YYVsGFBhIGB4LDGgdgykCzDV1gha-vxBnTHrWt5XzCXRwNVmObuodaeJz8Ty7hSy_I6QWvzk.K9cqIb9Y4mYmhR0w-ajbJZum1U-Rf3hRPmxJOMZ40bU%26dib_tag%3Dse%26keywords%3Dlaptops%26qid%3D1739042230%26sprefix%3Dlaptops%252Caps%252C261%26sr%3D8-37-spons%26sp_csd%3Dd2lkZ2V0TmFtZT1zcF9idGY%26psc%3D1
,,,
,,,
"ASUS Vivobook Go 14 (2023), AMD Ryzen 5 7520U, 14-inch (35.56 cm) FHD, Thin & Light Laptop (8GB/512GB SSD/Windows 11/Office 2021/Alexa Built-in/Silver/1.38 kg), E1404FA-NK521WS","37,990",4.1 out of 5 stars,https://amazon.in//sspa/click?ie=UTF8&spc=MTo3NDM0NjIxMzc5NjM5NTcxOjE3MzkwNDIyMzA6c3BfYnRmOjMwMDE1NjE5NDY4MTQzMjo6MDo6&url=%2FASUS-Vivobook-14-inch-Windows-E1404FA-NK521WS%2Fdp%2FB0BVMM9CW5%2Fref%3Dsr_1_38_sspa%3Fcrid%3D4EWMQE3KTUMK%26dib%3DeyJ2IjoiMSJ9.v2dU_afQiAiZUhUkPU1_6d2tqPkSj2FkwlMh1xCoa61hDHSjc_bGDoboeIAOgoQxxcuvHRiUXlprQkiOTE0xleXoNkNrUBMQ_m_RTJWQi1TfEiF5C0N9kCGrW0tYw2A6TsAGCwSiDIG0SWG9ir16BNoRIqP1jN2eRY7YYVsGFBhIGB4LDGgdgykCzDV1gha-vxBnTHrWt5XzCXRwNVmObuodaeJz8Ty7hSy_I6QWvzk.K9cqIb9Y4mYmhR0w-ajbJZum1U-Rf3hRPmxJOMZ40bU%26dib_tag%3Dse%26keywords%3Dlaptops%26qid%3D1739042230%26sprefix%3Dlaptops%252Caps%252C261%26sr%3D8-38-spons%26sp_csd%3Dd2lkZ2V0TmFtZT1zcF9idGY%26psc%3D1
,,,
,,,
,,,
,,,
"ASUS Vivobook 15, Thin & Light Laptop, Intel Pentium Gold 7505, 15.6-inch FHD 60Hz (8GB/512GB SSD//Win11/Office 2021//Chiclet//37WHr/Indie Black/1.80 kg), X1500EA-EJ121WS","26,990",2.0 out of 5 stars,https://amazon.in//sspa/click?ie=UTF8&spc=MTo3OTU1MzI1Mjg0MTg0Mjg1OjE3MzkwNDIyNDM6c3BfYXRmX25leHQ6MzAwMzMxOTk4MjUyMDMyOjowOjo&url=%2FASUS-Vivobook-Pentium-15-6-inch-X1500EA-EJ121WS%2Fdp%2FB0D4TJ1DVB%2Fref%3Dsr_1_33_sspa%3Fcrid%3D4EWMQE3KTUMK%26dib%3DeyJ2IjoiMSJ9.0zy2BamTcN8ek0OoTmdGf73Laxc-uWmjDNnp0MLZqXLhlEk8ayE3VkAN5CMkB6TqRQluejjg2o29rPNobtRnmpNq1qhhBpX-3eqTKwaA1ZjSMf9QO_Qk0K8l4P-ENeBk4nTOSvVqNZtR-z39IMkmqUclzsslRDL8D-y6e_QlSdEDLuyrvJrTNM7CoFOwqbiGMlwWfjK7Fe41bRhjABTnp0L7394VUBAYhCC8zeLje24.-ZyRlIO7bpQcP9ZWw_SV4vRayzCIcWw_0JdI5tvr9PU%26dib_tag%3Dse%26keywords%3Dlaptops%26qid%3D1739042243%26sprefix%3Dlaptops%252Caps%252C261%26sr%3D8-33-spons%26sp_csd%3Dd2lkZ2V0TmFtZT1zcF9hdGZfbmV4dA%26psc%3D1
,,,
,,,
,,,
"ASUS Zenbook S 14,3K OLED,Touch,120Hz, 500nits, Core Ultra 7 Processor (Series 2), Thin & Light Laptop(32GB RAM/1TB SSD/Windows 11/Office Home/72Whr Battery/Scandinavian White/1.2 Kg),UX5406SA-PZ358WS","1,49,990",5.0 out of 5 stars,https://amazon.in//sspa/click?ie=UTF8&spc=MTo3OTU1MzI1Mjg0MTg0Mjg1OjE3MzkwNDIyNDM6c3BfYXRmX25leHQ6MzAwMzczMjI3Mzk4NTMyOjowOjo&url=%2FASUS-Zenbook-Processor-Scandinavian-UX5406SA-PZ358WS%2Fdp%2FB0DJ14HP57%2Fref%3Dsr_1_34_sspa%3Fcrid%3D4EWMQE3KTUMK%26dib%3DeyJ2IjoiMSJ9.0zy2BamTcN8ek0OoTmdGf73Laxc-uWmjDNnp0MLZqXLhlEk8ayE3VkAN5CMkB6TqRQluejjg2o29rPNobtRnmpNq1qhhBpX-3eqTKwaA1ZjSMf9QO_Qk0K8l4P-ENeBk4nTOSvVqNZtR-z39IMkmqUclzsslRDL8D-y6e_QlSdEDLuyrvJrTNM7CoFOwqbiGMlwWfjK7Fe41bRhjABTnp0L7394VUBAYhCC8zeLje24.-ZyRlIO7bpQcP9ZWw_SV4vRayzCIcWw_0JdI5tvr9PU%26dib_tag%3Dse%26keywords%3Dlaptops%26qid%3D1739042243%26sprefix%3Dlaptops%252Caps%252C261%26sr%3D8-34-spons%26sp_csd%3Dd2lkZ2V0TmFtZT1zcF9hdGZfbmV4dA%26psc%3D1
,,,
,,,
"Dyazo Water Resistant Laptop Sleeve with Handle Compatible for 15 Inch to 15.6"" Inches laptops & Notebooks - Grey",299,4.3 out of 5 stars,https://amazon.in//Dyazo-Resistant-Compatible-laptops-Notebooks/dp/B09BFV96TS/ref=sr_1_35?crid=4EWMQE3KTUMK&dib=eyJ2IjoiMSJ9.0zy2BamTcN8ek0OoTmdGf73Laxc-uWmjDNnp0MLZqXLhlEk8ayE3VkAN5CMkB6TqRQluejjg2o29rPNobtRnmpNq1qhhBpX-3eqTKwaA1ZjSMf9QO_Qk0K8l4P-ENeBk4nTOSvVqNZtR-z39IMkmqUclzsslRDL8D-y6e_QlSdEDLuyrvJrTNM7CoFOwqbiGMlwWfjK7Fe41bRhjABTnp0L7394VUBAYhCC8zeLje24.-ZyRlIO7bpQcP9ZWw_SV4vRayzCIcWw_0JdI5tvr9PU&dib_tag=se&keywords=laptops&qid=1739042243&sprefix=laptops%2Caps%2C261&sr=8-35
,,,
,,,
"Lenovo LOQ 2024 AMD Ryzen 7 7435HS | NVIDIA RTX 4060 8GB (24GB RAM/512GB SSD/15.6"" (39.6cm)/Windows 11/Office Home 2024/100% sRGB/3 Mon. Game Pass/Grey/2.4Kg), 83JC00EHIN Gaming Laptop","91,690",4.2 out of 5 stars,https://amazon.in//Lenovo-7435HS-NVIDIA-Windows-83JC00EHIN/dp/B0DPQJZ3JR/ref=sr_1_36?crid=4EWMQE3KTUMK&dib=eyJ2IjoiMSJ9.0zy2BamTcN8ek0OoTmdGf73Laxc-uWmjDNnp0MLZqXLhlEk8ayE3VkAN5CMkB6TqRQluejjg2o29rPNobtRnmpNq1qhhBpX-3eqTKwaA1ZjSMf9QO_Qk0K8l4P-ENeBk4nTOSvVqNZtR-z39IMkmqUclzsslRDL8D-y6e_QlSdEDLuyrvJrTNM7CoFOwqbiGMlwWfjK7Fe41bRhjABTnp0L7394VUBAYhCC8zeLje24.-ZyRlIO7bpQcP9ZWw_SV4vRayzCIcWw_0JdI5tvr9PU&dib_tag=se&keywords=laptops&qid=1739042243&sprefix=laptops%2Caps%2C261&sr=8-36
,,,
,,,
,,,
"HP 15, 12th Gen Intel Core i5-1235U, 16GB DDR4, 512GB SSD, (Win 11, Office 21, Silver, 1.69kg), Anti-Glare, 15.6-inch(39.6cm) FHD Laptop, Intel Iris Xe Graphics, HD Camera, Backlit Keyboard, fy5009tu","52,990",3.9 out of 5 stars,https://amazon.in//HP-Keyboard-15-6-inch-fy5009TU-fd0111tu/dp/B0D4M66F6R/ref=sr_1_37?crid=4EWMQE3KTUMK&dib=eyJ2IjoiMSJ9.0zy2BamTcN8ek0OoTmdGf73Laxc-uWmjDNnp0MLZqXLhlEk8ayE3VkAN5CMkB6TqRQluejjg2o29rPNobtRnmpNq1qhhBpX-3eqTKwaA1ZjSMf9QO_Qk0K8l4P-ENeBk4nTOSvVqNZtR-z39IMkmqUclzsslRDL8D-y6e_QlSdEDLuyrvJrTNM7CoFOwqbiGMlwWfjK7Fe41bRhjABTnp0L7394VUBAYhCC8zeLje24.-ZyRlIO7bpQcP9ZWw_SV4vRayzCIcWw_0JdI5tvr9PU&dib_tag=se&keywords=laptops&qid=1739042243&sprefix=laptops%2Caps%2C261&sr=8-37
,,,
,,,
"AmazonBasics 2-in-1 Laptop and Mobile Stand, Ergonomic, Adjustable Height, Anti-Slip Base, Heat Dissipation, Portable, Lightweight, Compatible with All Laptops Up to 15.6"" (Abs, Black)",329,4.1 out of 5 stars,https://amazon.in//AmazonBasics-Adjustable-Dissipation-Lightweight-Compatible/dp/B0BTNT8X6K/ref=sr_1_38?crid=4EWMQE3KTUMK&dib=eyJ2IjoiMSJ9.0zy2BamTcN8ek0OoTmdGf73Laxc-uWmjDNnp0MLZqXLhlEk8ayE3VkAN5CMkB6TqRQluejjg2o29rPNobtRnmpNq1qhhBpX-3eqTKwaA1ZjSMf9QO_Qk0K8l4P-ENeBk4nTOSvVqNZtR-z39IMkmqUclzsslRDL8D-y6e_QlSdEDLuyrvJrTNM7CoFOwqbiGMlwWfjK7Fe41bRhjABTnp0L7394VUBAYhCC8zeLje24.-ZyRlIO7bpQcP9ZWw_SV4vRayzCIcWw_0JdI5tvr9PU&dib_tag=se&keywords=laptops&qid=1739042243&sprefix=laptops%2Caps%2C261&sr=8-38
,,,
,,,
"HP 255 G10 AMD Ryzen 3 Quad Core 7320U - (8 GB DDR4/512 GB SSD/AMD Radeon Graphics),15.6 inch, Silver","25,800",2.0 out of 5 stars,https://amazon.in//HP-255-G10-Ryzen-7320U/dp/B0DPT19FZD/ref=sr_1_39?crid=4EWMQE3KTUMK&dib=eyJ2IjoiMSJ9.0zy2BamTcN8ek0OoTmdGf73Laxc-uWmjDNnp0MLZqXLhlEk8ayE3VkAN5CMkB6TqRQluejjg2o29rPNobtRnmpNq1qhhBpX-3eqTKwaA1ZjSMf9QO_Qk0K8l4P-ENeBk4nTOSvVqNZtR-z39IMkmqUclzsslRDL8D-y6e_QlSdEDLuyrvJrTNM7CoFOwqbiGMlwWfjK7Fe41bRhjABTnp0L7394VUBAYhCC8zeLje24.-ZyRlIO7bpQcP9ZWw_SV4vRayzCIcWw_0JdI5tvr9PU&dib_tag=se&keywords=laptops&qid=1739042243&sprefix=laptops%2Caps%2C261&sr=8-39
,,,
,,,
"HP 15, 13th Gen Intel Core i3-1315U, 8GB DDR4, 512GB SSD, (Win 11, Office 21, Grey, 1.59kg), Anti-Glare, Micro-Edge,15.6-inch(39.6cm), FHD Laptop, Intel UHD Graphics, 1080p FHD Camera, fd0006TU","39,800",4.1 out of 5 stars,https://amazon.in//HP-i3-1315U-Anti-Glare-Micro-Edge-15-6-inch/dp/B0C3RF3HT3/ref=sr_1_40?crid=4EWMQE3KTUMK&dib=eyJ2IjoiMSJ9.0zy2BamTcN8ek0OoTmdGf73Laxc-uWmjDNnp0MLZqXLhlEk8ayE3VkAN5CMkB6TqRQluejjg2o29rPNobtRnmpNq1qhhBpX-3eqTKwaA1ZjSMf9QO_Qk0K8l4P-ENeBk4nTOSvVqNZtR-z39IMkmqUclzsslRDL8D-y6e_QlSdEDLuyrvJrTNM7CoFOwqbiGMlwWfjK7Fe41bRhjABTnp0L7394VUBAYhCC8zeLje24.-ZyRlIO7bpQcP9ZWw_SV4vRayzCIcWw_0JdI5tvr9PU&dib_tag=se&keywords=laptops&qid=1739042243&sprefix=laptops%2Caps%2C261&sr=8-40
"Lenovo V15 AMD Ryzen 7 7730U 15.6"" (39.62cm) FHD 250 Nits Antiglare Thin and Light Laptop (16GB/512GB SSD/Windows 11/Iron Grey/1.65 Kg) Grey","39,999",4.3 out of 5 stars,https://amazon.in//Lenovo-Ryzen-39-62cm-Antiglare-Laptop/dp/B0D39BVJ7Y/ref=sr_1_8?crid=4EWMQE3KTUMK&dib=eyJ2IjoiMSJ9.vhRlXsQCtqAyUobK7c89a7xEDpoNHsX-CnC61TnqBV-MXtNv23xcYWXK-95uyHZqYMS9Lq3cygKjk82hwSRU4vofezdBCbcten8eB1ZTj5rWLJi3mofxz6uhZYK3yny-X6Mwhq33-MghpFY_ECGhllI8CvPoksi0ojRR8cHdTES6hjRfUgsGqP7-FmOODlbBTVzy7l5vhu1L6a1My-g0CilpaZCFWGhLSAYPdyYvHLA.v5I8x4IioCzeZDHx2LP7zvJ8Vq_zc7yYBjlRSTKzyKo&dib_tag=se&keywords=laptops&qid=1739042209&sprefix=laptops%2Caps%2C261&sr=8-8
,,,
,,,
"Zebronics-NS1000 Laptop Stand Featuring Foldable Design, Anti-Slip Silicone Rubber Pads, Supports Maximum of 5kgs Weight, 6 Adjustable Levels.",199,3.4 out of 5 stars,https://amazon.in//Zebronics-NS1000-Featuring-Foldable-Anti-Slip-Adjustable/dp/B0C376RWQP/ref=sr_1_41?crid=4EWMQE3KTUMK&dib=eyJ2IjoiMSJ9.0zy2BamTcN8ek0OoTmdGf73Laxc-uWmjDNnp0MLZqXLhlEk8ayE3VkAN5CMkB6TqRQluejjg2o29rPNobtRnmpNq1qhhBpX-3eqTKwaA1ZjSMf9QO_Qk0K8l4P-ENeBk4nTOSvVqNZtR-z39IMkmqUclzsslRDL8D-y6e_QlSdEDLuyrvJrTNM7CoFOwqbiGMlwWfjK7Fe41bRhjABTnp0L7394VUBAYhCC8zeLje24.-ZyRlIO7bpQcP9ZWw_SV4vRayzCIcWw_0JdI5tvr9PU&dib_tag=se&keywords=laptops&qid=1739042243&sprefix=laptops%2Caps%2C261&sr=8-41
,,,
,,,
"Lenovo IdeaPad Slim 1 AMD Ryzen 7 5700U 15.6"" HD Thin and Light Laptop (16GB/512GB SSD/Windows 11 Home/MS Office 2021/1 Year Warranty + 1 Year ADP/Cloud Grey/1.6Kg), 82R400EFIN","40,990",5.0 out of 5 stars,https://amazon.in//Lenovo-IdeaPad-Windows-Warranty-82R400EFIN/dp/B0CYPX4D1T/ref=sr_1_42?crid=4EWMQE3KTUMK&dib=eyJ2IjoiMSJ9.0zy2BamTcN8ek0OoTmdGf73Laxc-uWmjDNnp0MLZqXLhlEk8ayE3VkAN5CMkB6TqRQluejjg2o29rPNobtRnmpNq1qhhBpX-3eqTKwaA1ZjSMf9QO_Qk0K8l4P-ENeBk4nTOSvVqNZtR-z39IMkmqUclzsslRDL8D-y6e_QlSdEDLuyrvJrTNM7CoFOwqbiGMlwWfjK7Fe41bRhjABTnp0L7394VUBAYhCC8zeLje24.-ZyRlIO7bpQcP9ZWw_SV4vRayzCIcWw_0JdI5tvr9PU&dib_tag=se&keywords=laptops&qid=1739042243&sprefix=laptops%2Caps%2C261&sr=8-42
,,,
,,,
"ASUS Vivobook 16, Thin & Light Laptop, 16"" (40.64cm)WUXGA 16:10 60 Hz, Intel Core i7-12700H (16GB DDR4/512GB SSD/Intel Iris Xe Graphics/Win 11/Office 2021/Transparent Silver/1.88 Kg), X1605ZAC-MB741WS","63,990",3.6 out of 5 stars,https://amazon.in//sspa/click?ie=UTF8&spc=MTo3OTU1MzI1Mjg0MTg0Mjg1OjE3MzkwNDIyNDM6c3BfbXRmOjMwMDQ1ODQwODU3MjIzMjo6MDo6&url=%2FASUS-Vivobook-40-64cm-WUXGA-X1605ZAC-MB741WS%2Fdp%2FB0D7HL86WJ%2Fref%3Dsr_1_43_sspa%3Fcrid%3D4EWMQE3KTUMK%26dib%3DeyJ2IjoiMSJ9.0zy2BamTcN8ek0OoTmdGf73Laxc-uWmjDNnp0MLZqXLhlEk8ayE3VkAN5CMkB6TqRQluejjg2o29rPNobtRnmpNq1qhhBpX-3eqTKwaA1ZjSMf9QO_Qk0K8l4P-ENeBk4nTOSvVqNZtR-z39IMkmqUclzsslRDL8D-y6e_QlSdEDLuyrvJrTNM7CoFOwqbiGMlwWfjK7Fe41bRhjABTnp0L7394VUBAYhCC8zeLje24.-ZyRlIO7bpQcP9ZWw_SV4vRayzCIcWw_0JdI5tvr9PU%26dib_tag%3Dse%26keywords%3Dlaptops%26qid%3D1739042243%26sprefix%3Dlaptops%252Caps%252C261%26sr%3D8-43-spons%26sp_csd%3Dd2lkZ2V0TmFtZT1zcF9tdGY%26psc%3D1
,,,
,,,
,,,
"ASUS Vivobook 15, Thin and Light Laptop, Intel Core i3-1315U 13th Gen, 15.6"" (39.62 cms) FHD (8GB/512GB SSD/Win11/MS Office/Backlit Keyboard/Silver/1.7 kg), X1504VA-NJ320WS","37,990",4.2 out of 5 stars,https://amazon.in//sspa/click?ie=UTF8&spc=MTo3OTU1MzI1Mjg0MTg0Mjg1OjE3MzkwNDIyNDM6c3BfbXRmOjMwMDQ1ODQwODU3MjMzMjo6MDo6&url=%2FASUS-Vivobook-i3-1315U-Integrated-X1504VA-NJ320WS%2Fdp%2FB0CYTD8DVF%2Fref%3Dsr_1_44_sspa%3Fcrid%3D4EWMQE3KTUMK%26dib%3DeyJ2IjoiMSJ9.0zy2BamTcN8ek0OoTmdGf73Laxc-uWmjDNnp0MLZqXLhlEk8ayE3VkAN5CMkB6TqRQluejjg2o29rPNobtRnmpNq1qhhBpX-3eqTKwaA1ZjSMf9QO_Qk0K8l4P-ENeBk4nTOSvVqNZtR-z39IMkmqUclzsslRDL8D-y6e_QlSdEDLuyrvJrTNM7CoFOwqbiGMlwWfjK7Fe41bRhjABTnp0L7394VUBAYhCC8zeLje24.-ZyRlIO7bpQcP9ZWw_SV4vRayzCIcWw_0JdI5tvr9PU%26dib_tag%3Dse%26keywords%3Dlaptops%26qid%3D1739042243%26sprefix%3Dlaptops%252Caps%252C261%26sr%3D8-44-spons%26sp_csd%3Dd2lkZ2V0TmFtZT1zcF9tdGY%26psc%3D1
,,,
,,,
"ASUS Vivobook Go 15 (2023), AMD Ryzen 5 7520U, 15.6"" (39.62 cm) FHD, Thin & Light Laptop (16GB/512GB SSD/Windows 11/Office 2021/Alexa Built-in/Mixed Black/1.63 kg), E1504FA-NJ542WS","38,990",4.0 out of 5 stars,https://amazon.in//ASUS-Vivobook-Laptop-Windows-E1504FA-NJ542WS/dp/B0BTWF2BQX/ref=sr_1_45?crid=4EWMQE3KTUMK&dib=eyJ2IjoiMSJ9.0zy2BamTcN8ek0OoTmdGf73Laxc-uWmjDNnp0MLZqXLhlEk8ayE3VkAN5CMkB6TqRQluejjg2o29rPNobtRnmpNq1qhhBpX-3eqTKwaA1ZjSMf9QO_Qk0K8l4P-ENeBk4nTOSvVqNZtR-z39IMkmqUclzsslRDL8D-y6e_QlSdEDLuyrvJrTNM7CoFOwqbiGMlwWfjK7Fe41bRhjABTnp0L7394VUBAYhCC8zeLje24.-ZyRlIO7bpQcP9ZWw_SV4vRayzCIcWw_0JdI5tvr9PU&dib_tag=se&keywords=laptops&qid=1739042243&sprefix=laptops%2Caps%2C261&sr=8-45
,,,
,,,
STRIFF Adjustable Laptop Tabletop Stand Patented Riser Ventilated Portable Foldable Compatible with MacBook Notebook Tablet Tray Desk Table Book with Free Phone Stand (Black),249,4.3 out of 5 stars,https://amazon.in//STRIFF-Adjustable-Patented-Ventilated-Compatible/dp/B07XCM6T4N/ref=sr_1_46?crid=4EWMQE3KTUMK&dib=eyJ2IjoiMSJ9.0zy2BamTcN8ek0OoTmdGf73Laxc-uWmjDNnp0MLZqXLhlEk8ayE3VkAN5CMkB6TqRQluejjg2o29rPNobtRnmpNq1qhhBpX-3eqTKwaA1ZjSMf9QO_Qk0K8l4P-ENeBk4nTOSvVqNZtR-z39IMkmqUclzsslRDL8D-y6e_QlSdEDLuyrvJrTNM7CoFOwqbiGMlwWfjK7Fe41bRhjABTnp0L7394VUBAYhCC8zeLje24.-ZyRlIO7bpQcP9ZWw_SV4vRayzCIcWw_0JdI5tvr9PU&dib_tag=se&keywords=laptops&qid=1739042243&sprefix=laptops%2Caps%2C261&sr=8-46
,,,
,,,
,,,
"HP Pavilion, 13th Gen Intel Core i7-1360P, 16GB DDR4, 1TB SSD, (Win11, Office21, Silver, 1.75kg) IPS, Anti-glare, 15.6-inch (39.6cm) FHD Laptop, Intel Iris Xe graphics, HD camera, Backlit KB, eg3036TU","88,900",4.0 out of 5 stars,https://amazon.in//HP-Pavilion-i7-1360P-15-6-inch-Graphics/dp/B0C3V556WG/ref=sr_1_47?crid=4EWMQE3KTUMK&dib=eyJ2IjoiMSJ9.0zy2BamTcN8ek0OoTmdGf73Laxc-uWmjDNnp0MLZqXLhlEk8ayE3VkAN5CMkB6TqRQluejjg2o29rPNobtRnmpNq1qhhBpX-3eqTKwaA1ZjSMf9QO_Qk0K8l4P-ENeBk4nTOSvVqNZtR-z39IMkmqUclzsslRDL8D-y6e_QlSdEDLuyrvJrTNM7CoFOwqbiGMlwWfjK7Fe41bRhjABTnp0L7394VUBAYhCC8zeLje24.-ZyRlIO7bpQcP9ZWw_SV4vRayzCIcWw_0JdI5tvr9PU&dib_tag=se&keywords=laptops&qid=1739042243&sprefix=laptops%2Caps%2C261&sr=8-47
,,,
,,,
"Dyazo 14.1 Inch Laptop Sleeve Case Cover With Handle And Two Front Pocket Compatible For Lenovo, Hp, Dell, Asus Acer & Other Notebooks (Grey)",299,4.3 out of 5 stars,https://amazon.in//Dyazo-Laptop-Sleeve-Compatible-Notebooks/dp/B0BRJ86Y5V/ref=sr_1_48?crid=4EWMQE3KTUMK&dib=eyJ2IjoiMSJ9.0zy2BamTcN8ek0OoTmdGf73Laxc-uWmjDNnp0MLZqXLhlEk8ayE3VkAN5CMkB6TqRQluejjg2o29rPNobtRnmpNq1qhhBpX-3eqTKwaA1ZjSMf9QO_Qk0K8l4P-ENeBk4nTOSvVqNZtR-z39IMkmqUclzsslRDL8D-y6e_QlSdEDLuyrvJrTNM7CoFOwqbiGMlwWfjK7Fe41bRhjABTnp0L7394VUBAYhCC8zeLje24.-ZyRlIO7bpQcP9ZWw_SV4vRayzCIcWw_0JdI5tvr9PU&dib_tag=se&keywords=laptops&qid=1739042243&sprefix=laptops%2Caps%2C261&sr=8-48
,,,
,,,
"Dell Inspiron 3530 Thin & Light Laptop, 13th Gen Intel Core i3-1305U/8GB/512GB SSD/15.6"" (39.62cm) 120Hz Refresh Rate on a FHD IPS Display/Windows 11 + MSO'21+McAfee 15 Month/Carbon Black/1.62kg","38,490",3.7 out of 5 stars,https://amazon.in//Dell-Inspiron-3530-i3-1305U-Comfortview/dp/B0C4ZM63RP/ref=sr_1_49?crid=4EWMQE3KTUMK&dib=eyJ2IjoiMSJ9.0zy2BamTcN8ek0OoTmdGf73Laxc-uWmjDNnp0MLZqXLhlEk8ayE3VkAN5CMkB6TqRQluejjg2o29rPNobtRnmpNq1qhhBpX-3eqTKwaA1ZjSMf9QO_Qk0K8l4P-ENeBk4nTOSvVqNZtR-z39IMkmqUclzsslRDL8D-y6e_QlSdEDLuyrvJrTNM7CoFOwqbiGMlwWfjK7Fe41bRhjABTnp0L7394VUBAYhCC8zeLje24.-ZyRlIO7bpQcP9ZWw_SV4vRayzCIcWw_0JdI5tvr9PU&dib_tag=se&keywords=laptops&qid=1739042243&sprefix=laptops%2Caps%2C261&sr=8-49
,,,
,,,
"HP Victus, 13th Gen Intel Core i7-13620H, 8GB NVIDIA RTX 4060, 16GB DDR4, 1TB SSD (Win11, Office21, Silver, 2.29kg), 144Hz, 9MS, IPS, 15.6-inch(39.6cm), FHD Gaming Laptop, Enhanced Cooling, fa1333TX","94,999",3.4 out of 5 stars,https://amazon.in//HP-i7-13620H-15-6-inch-Response-15-fa1333TX/dp/B0D7H15S9Z/ref=sr_1_50?crid=4EWMQE3KTUMK&dib=eyJ2IjoiMSJ9.0zy2BamTcN8ek0OoTmdGf73Laxc-uWmjDNnp0MLZqXLhlEk8ayE3VkAN5CMkB6TqRQluejjg2o29rPNobtRnmpNq1qhhBpX-3eqTKwaA1ZjSMf9QO_Qk0K8l4P-ENeBk4nTOSvVqNZtR-z39IMkmqUclzsslRDL8D-y6e_QlSdEDLuyrvJrTNM7CoFOwqbiGMlwWfjK7Fe41bRhjABTnp0L7394VUBAYhCC8zeLje24.-ZyRlIO7bpQcP9ZWw_SV4vRayzCIcWw_0JdI5tvr9PU&dib_tag=se&keywords=laptops&qid=1739042243&sprefix=laptops%2Caps%2C261&sr=8-50
"HP 15s, 12th Gen Intel Core i3-1215U, 8GB DDR4, 512GB SSD, (Win 11, Office 21, Silver, 1.69kg), Anti-Glare, 15.6-inch (39.6cm) FHD Laptop, Intel UHD Graphics, HD Camera, Dual Speakers, fy5011TU","36,990",3.7 out of 5 stars,https://amazon.in//HP-i3-1215U-Anti-Glare-15-6-inch-Graphics/dp/B0D4LZMJ5Z/ref=sr_1_9?crid=4EWMQE3KTUMK&dib=eyJ2IjoiMSJ9.vhRlXsQCtqAyUobK7c89a7xEDpoNHsX-CnC61TnqBV-MXtNv23xcYWXK-95uyHZqYMS9Lq3cygKjk82hwSRU4vofezdBCbcten8eB1ZTj5rWLJi3mofxz6uhZYK3yny-X6Mwhq33-MghpFY_ECGhllI8CvPoksi0ojRR8cHdTES6hjRfUgsGqP7-FmOODlbBTVzy7l5vhu1L6a1My-g0CilpaZCFWGhLSAYPdyYvHLA.v5I8x4IioCzeZDHx2LP7zvJ8Vq_zc7yYBjlRSTKzyKo&dib_tag=se&keywords=laptops&qid=1739042209&sprefix=laptops%2Caps%2C261&sr=8-9
,,,
,,,
"Zebronics NC5500D Powerful Laptop Cooler with Dual 125mm Fans, Silent Operation, Adjustable Fan Speed, Display, Controls, USB, 5 Step Retractable Stand and Mobile Holder",699,3.9 out of 5 stars,https://amazon.in//Zebronics-Powerful-Operation-Adjustable-Retractable/dp/B0C663VVP1/ref=sr_1_51?crid=4EWMQE3KTUMK&dib=eyJ2IjoiMSJ9.0zy2BamTcN8ek0OoTmdGf73Laxc-uWmjDNnp0MLZqXLhlEk8ayE3VkAN5CMkB6TqRQluejjg2o29rPNobtRnmpNq1qhhBpX-3eqTKwaA1ZjSMf9QO_Qk0K8l4P-ENeBk4nTOSvVqNZtR-z39IMkmqUclzsslRDL8D-y6e_QlSdEDLuyrvJrTNM7CoFOwqbiGMlwWfjK7Fe41bRhjABTnp0L7394VUBAYhCC8zeLje24.-ZyRlIO7bpQcP9ZWw_SV4vRayzCIcWw_0JdI5tvr9PU&dib_tag=se&keywords=laptops&qid=1739042243&sprefix=laptops%2Caps%2C261&sr=8-51
,,,
,,,
"HP Pavilion Aero AI Laptop, AMD Ryzen 5 8640U, 16 Tops, 16GB LPDDR5x, 512GB SSD, (Win 11, Office 21, Silver, < 1kg) 13.3-inch (33.8cm), Ultra-Light, WUXGA, AMD Radeon Graphics, 5MP Camera, bg0016AU","76,490",4.2 out of 5 stars,https://amazon.in//HP-Pavilion-Lightest-13-3-inch-Graphics/dp/B0D2HL64SQ/ref=sr_1_52?crid=4EWMQE3KTUMK&dib=eyJ2IjoiMSJ9.0zy2BamTcN8ek0OoTmdGf73Laxc-uWmjDNnp0MLZqXLhlEk8ayE3VkAN5CMkB6TqRQluejjg2o29rPNobtRnmpNq1qhhBpX-3eqTKwaA1ZjSMf9QO_Qk0K8l4P-ENeBk4nTOSvVqNZtR-z39IMkmqUclzsslRDL8D-y6e_QlSdEDLuyrvJrTNM7CoFOwqbiGMlwWfjK7Fe41bRhjABTnp0L7394VUBAYhCC8zeLje24.-ZyRlIO7bpQcP9ZWw_SV4vRayzCIcWw_0JdI5tvr9PU&dib_tag=se&keywords=laptops&qid=1739042243&sprefix=laptops%2Caps%2C261&sr=8-52
,,,
,,,
"Acer [Smartchoice Aspire Lite AMD Ryzen 3 5300U Premium Thin and Light Laptop (Windows 11 Home/8 GB RAM/512 GB SSD) AL15-41 with 39.62 cm (15.6"") Full HD Display, Metal Body, Steel Gray, 1.6 KG","28,030",3.9 out of 5 stars,https://amazon.in//sspa/click?ie=UTF8&spc=MTo3OTU1MzI1Mjg0MTg0Mjg1OjE3MzkwNDIyNDM6c3BfYnRmOjMwMDE2NDQ5NTI5MDgzMjo6MDo6&url=%2FAcer-Smartchoice-Premium-Windows-AL15-41%2Fdp%2FB0CWTSF1TK%2Fref%3Dsr_1_53_sspa%3Fcrid%3D4EWMQE3KTUMK%26dib%3DeyJ2IjoiMSJ9.0zy2BamTcN8ek0OoTmdGf73Laxc-uWmjDNnp0MLZqXLhlEk8ayE3VkAN5CMkB6TqRQluejjg2o29rPNobtRnmpNq1qhhBpX-3eqTKwaA1ZjSMf9QO_Qk0K8l4P-ENeBk4nTOSvVqNZtR-z39IMkmqUclzsslRDL8D-y6e_QlSdEDLuyrvJrTNM7CoFOwqbiGMlwWfjK7Fe41bRhjABTnp0L7394VUBAYhCC8zeLje24.-ZyRlIO7bpQcP9ZWw_SV4vRayzCIcWw_0JdI5tvr9PU%26dib_tag%3Dse%26keywords%3Dlaptops%26qid%3D1739042243%26sprefix%3Dlaptops%252Caps%252C261%26sr%3D8-53-spons%26sp_csd%3Dd2lkZ2V0TmFtZT1zcF9idGY%26psc%3D1
,,,
,,,
,,,
"Acer Aspire Lite 12th Gen Intel Core i5-12450H Thin and Light Laptop (Windows11Home/16GB RAM/512GB SSD/MSO) AL15-52H, 39.62cm (15.6"") IPS Full HD, Backlit Keyboard, Pure Silver, 1.7KG","52,990",3.9 out of 5 stars,https://amazon.in//sspa/click?ie=UTF8&spc=MTo3OTU1MzI1Mjg0MTg0Mjg1OjE3MzkwNDIyNDM6c3BfYnRmOjMwMDMyNTkyMDk2MzczMjo6MDo6&url=%2FAcer-i5-12450H-Windows11Home-AL15-52H-Keyboard%2Fdp%2FB0DDL495SX%2Fref%3Dsr_1_54_sspa%3Fcrid%3D4EWMQE3KTUMK%26dib%3DeyJ2IjoiMSJ9.0zy2BamTcN8ek0OoTmdGf73Laxc-uWmjDNnp0MLZqXLhlEk8ayE3VkAN5CMkB6TqRQluejjg2o29rPNobtRnmpNq1qhhBpX-3eqTKwaA1ZjSMf9QO_Qk0K8l4P-ENeBk4nTOSvVqNZtR-z39IMkmqUclzsslRDL8D-y6e_QlSdEDLuyrvJrTNM7CoFOwqbiGMlwWfjK7Fe41bRhjABTnp0L7394VUBAYhCC8zeLje24.-ZyRlIO7bpQcP9ZWw_SV4vRayzCIcWw_0JdI5tvr9PU%26dib_tag%3Dse%26keywords%3Dlaptops%26qid%3D1739042243%26sprefix%3Dlaptops%252Caps%252C261%26sr%3D8-54-spons%26sp_csd%3Dd2lkZ2V0TmFtZT1zcF9idGY%26psc%3D1
,,,
,,,
,,,
,,,
"Acer Aspire Lite 12th Gen Intel Core i7-1255U Premium Metal Laptop (Windows 11 Home/16 GB RAM/512 GB SSD) AL15-52, 39.62cm (15.6"") Full HD Display, Metal Body, Steel Gray, 1.59 Kg","49,990",3.5 out of 5 stars,https://amazon.in//sspa/click?ie=UTF8&spc=MTo0MzE3MTI4NDg5NzA5MTY1OjE3MzkwNDIyNTY6c3BfYXRmX25leHQ6MzAwMTc5NDc4Nzc3NTMyOjowOjo&url=%2FAcer-i7-1255U-Premium-Windows-AL15-52%2Fdp%2FB0D262KC1J%2Fref%3Dsr_1_49_sspa%3Fcrid%3D4EWMQE3KTUMK%26dib%3DeyJ2IjoiMSJ9.zJqr8tCkicEAXxZAqmVwpX9Jj3vJxxNX49lZY_fSpfiyD2y2wCOAZViNQFXyiVR1gQa-OyHVGx9wbZJM3iM_ZwulT6K97kqrl8nPUdGg6TE9NZKbpgKJYj_Z4853ULdiHVsu2abcIjyDJfqUC54C_yoFC05i72NoyEljcDJGyU5DjpVIAn1irFCwtuloSc_j1NMKFdYgjGpkWqGZQju3DGSCtlnW2eqgF0Vh5EAGeVQ.VNEY40-lcvlczOW2Sihy4wcNVU0uPQDN1CG8dYeH27o%26dib_tag%3Dse%26keywords%3Dlaptops%26qid%3D1739042256%26sprefix%3Dlaptops%252Caps%252C261%26sr%3D8-49-spons%26sp_csd%3Dd2lkZ2V0TmFtZT1zcF9hdGZfbmV4dA%26psc%3D1
,,,
,,,
"ASUS Vivobook 16 (2023), Intel Core i9-13900H 13th Gen, Thin & Light Laptop, 16"" (40.64 cm) FHD+,(16GB/512GB SSD/Intel Iris Xe/Win 11/Office 2021/Backlit KB/Fingerprint/Silver/1.88 kg) X1605VA-MB946WS","84,990",4.2 out of 5 stars,https://amazon.in//sspa/click?ie=UTF8&spc=MTo0MzE3MTI4NDg5NzA5MTY1OjE3MzkwNDIyNTY6c3BfYXRmX25leHQ6MzAwMDY3Mzc1MzQ3MTMyOjowOjo&url=%2FASUS-Vivobook-i9-13900H-Fingerprint-X1605VA-MB946WS%2Fdp%2FB0CHMYJ9BK%2Fref%3Dsr_1_50_sspa%3Fcrid%3D4EWMQE3KTUMK%26dib%3DeyJ2IjoiMSJ9.zJqr8tCkicEAXxZAqmVwpX9Jj3vJxxNX49lZY_fSpfiyD2y2wCOAZViNQFXyiVR1gQa-OyHVGx9wbZJM3iM_ZwulT6K97kqrl8nPUdGg6TE9NZKbpgKJYj_Z4853ULdiHVsu2abcIjyDJfqUC54C_yoFC05i72NoyEljcDJGyU5DjpVIAn1irFCwtuloSc_j1NMKFdYgjGpkWqGZQju3DGSCtlnW2eqgF0Vh5EAGeVQ.VNEY40-lcvlczOW2Sihy4wcNVU0uPQDN1CG8dYeH27o%26dib_tag%3Dse%26keywords%3Dlaptops%26qid%3D1739042256%26sprefix%3Dlaptops%252Caps%252C261%26sr%3D8-50-spons%26sp_csd%3Dd2lkZ2V0TmFtZT1zcF9hdGZfbmV4dA%26psc%3D1
,,,
,,,
,,,
"Acer Travelmate Business Laptop Intel Core i7-1165G7 Processor (Windows 11 Home/16 GB DDR4/512 GB SSD/Intel Iris Xe Graphics) TMP214-53 with 35.56 cm (14"") Full HD Display","41,990",3.2 out of 5 stars,https://amazon.in//Acer-Travelmate-i7-1165G7-Processor-TMP214-53/dp/B0CHRNZ37L/ref=sr_1_51?crid=4EWMQE3KTUMK&dib=eyJ2IjoiMSJ9.zJqr8tCkicEAXxZAqmVwpX9Jj3vJxxNX49lZY_fSpfiyD2y2wCOAZViNQFXyiVR1gQa-OyHVGx9wbZJM3iM_ZwulT6K97kqrl8nPUdGg6TE9NZKbpgKJYj_Z4853ULdiHVsu2abcIjyDJfqUC54C_yoFC05i72NoyEljcDJGyU5DjpVIAn1irFCwtuloSc_j1NMKFdYgjGpkWqGZQju3DGSCtlnW2eqgF0Vh5EAGeVQ.VNEY40-lcvlczOW2Sihy4wcNVU0uPQDN1CG8dYeH27o&dib_tag=se&keywords=laptops&qid=1739042256&sprefix=laptops%2Caps%2C261&sr=8-51
,,,
,,,
"Lenovo V15 Intel Core i7 12th Gen 15.6"" (39.62 cm) FHD (1920x1080) Antiglare 250 nits Thin and Light Laptop (16GB RAM/512GB SSD/Windows 11 Home/Iron Grey/1Y Onsite/1.7 kg), 82TTA08AIN","56,799",3.6 out of 5 stars,https://amazon.in//Lenovo-1920x1080-Antiglare-Windows-82TTA08AIN/dp/B0CJTRM3QW/ref=sr_1_52?crid=4EWMQE3KTUMK&dib=eyJ2IjoiMSJ9.zJqr8tCkicEAXxZAqmVwpX9Jj3vJxxNX49lZY_fSpfiyD2y2wCOAZViNQFXyiVR1gQa-OyHVGx9wbZJM3iM_ZwulT6K97kqrl8nPUdGg6TE9NZKbpgKJYj_Z4853ULdiHVsu2abcIjyDJfqUC54C_yoFC05i72NoyEljcDJGyU5DjpVIAn1irFCwtuloSc_j1NMKFdYgjGpkWqGZQju3DGSCtlnW2eqgF0Vh5EAGeVQ.VNEY40-lcvlczOW2Sihy4wcNVU0uPQDN1CG8dYeH27o&dib_tag=se&keywords=laptops&qid=1739042256&sprefix=laptops%2Caps%2C261&sr=8-52
,,,
,,,
"ASUS TUF Gaming A15, 15.6"" FHD 16:9 144Hz 250nits, AMD Ryzen 5 7535HS Processor, Gaming Laptop (16GB RAM/512GB SSD/NVIDIA GeForce RTX 3050/Windows 11/Office 2021/Graphite Black/2.3 Kg),FA566NC-HN083WS","59,990",4.0 out of 5 stars,https://amazon.in//ASUS-TUF-Gaming-15-6-FA566NC-HN083WS/dp/B0DBLYRKVJ/ref=sr_1_53?crid=4EWMQE3KTUMK&dib=eyJ2IjoiMSJ9.zJqr8tCkicEAXxZAqmVwpX9Jj3vJxxNX49lZY_fSpfiyD2y2wCOAZViNQFXyiVR1gQa-OyHVGx9wbZJM3iM_ZwulT6K97kqrl8nPUdGg6TE9NZKbpgKJYj_Z4853ULdiHVsu2abcIjyDJfqUC54C_yoFC05i72NoyEljcDJGyU5DjpVIAn1irFCwtuloSc_j1NMKFdYgjGpkWqGZQju3DGSCtlnW2eqgF0Vh5EAGeVQ.VNEY40-lcvlczOW2Sihy4wcNVU0uPQDN1CG8dYeH27o&dib_tag=se&keywords=laptops&qid=1739042256&sprefix=laptops%2Caps%2C261&sr=8-53
,,,
"ASUS TUF Gaming A15, 15.6"" (39.62cm) FHD 16:9 144Hz, AMD Ryzen 7 7435HS, Gaming Laptop (16 DDR5/512GB SSD/NVIDIA GeForce RTX 2050/Windows 11 Home/Graphite Black/2.30 Kg), FA506NFR-HN045W","58,990",4.0 out of 5 stars,https://amazon.in//ASUS-Gaming-15-6-39-62cm-FA506NFR-HN045W/dp/B0CDQ5CW9V/ref=sr_1_10?crid=4EWMQE3KTUMK&dib=eyJ2IjoiMSJ9.vhRlXsQCtqAyUobK7c89a7xEDpoNHsX-CnC61TnqBV-MXtNv23xcYWXK-95uyHZqYMS9Lq3cygKjk82hwSRU4vofezdBCbcten8eB1ZTj5rWLJi3mofxz6uhZYK3yny-X6Mwhq33-MghpFY_ECGhllI8CvPoksi0ojRR8cHdTES6hjRfUgsGqP7-FmOODlbBTVzy7l5vhu1L6a1My-g0CilpaZCFWGhLSAYPdyYvHLA.v5I8x4IioCzeZDHx2LP7zvJ8Vq_zc7yYBjlRSTKzyKo&dib_tag=se&keywords=laptops&qid=1739042209&sprefix=laptops%2Caps%2C261&sr=8-10
,,,
"Lenovo V15 G4 AMD Athlon Silver 7120U Laptop 8GB LPDDR5 Ram, 512 GB SSD PCIe, Windows 11 Lifetime Validity,15.6"" FHD Screen, AMD Radeon 610M, Silver, 1 Year Brand Warranty","24,990",3.9 out of 5 stars,https://amazon.in//Lenovo-V15-Lifetime-Validity-Warranty/dp/B0CL7CMTXS/ref=sr_1_54?crid=4EWMQE3KTUMK&dib=eyJ2IjoiMSJ9.zJqr8tCkicEAXxZAqmVwpX9Jj3vJxxNX49lZY_fSpfiyD2y2wCOAZViNQFXyiVR1gQa-OyHVGx9wbZJM3iM_ZwulT6K97kqrl8nPUdGg6TE9NZKbpgKJYj_Z4853ULdiHVsu2abcIjyDJfqUC54C_yoFC05i72NoyEljcDJGyU5DjpVIAn1irFCwtuloSc_j1NMKFdYgjGpkWqGZQju3DGSCtlnW2eqgF0Vh5EAGeVQ.VNEY40-lcvlczOW2Sihy4wcNVU0uPQDN1CG8dYeH27o&dib_tag=se&keywords=laptops&qid=1739042256&sprefix=laptops%2Caps%2C261&sr=8-54
,,,
,,,
"Tukzer Universal Silicone 15.6 Laptop Keyguard Keyboard Protector, Keyboard Dust Cover, Keyboard Skin 15.6 keyguard (36.5 x 13.5 cm)",139,3.7 out of 5 stars,https://amazon.in//Tukzer-Universal-Silicone-Keyguard-Protector/dp/B0D874WCRR/ref=sr_1_55?crid=4EWMQE3KTUMK&dib=eyJ2IjoiMSJ9.zJqr8tCkicEAXxZAqmVwpX9Jj3vJxxNX49lZY_fSpfiyD2y2wCOAZViNQFXyiVR1gQa-OyHVGx9wbZJM3iM_ZwulT6K97kqrl8nPUdGg6TE9NZKbpgKJYj_Z4853ULdiHVsu2abcIjyDJfqUC54C_yoFC05i72NoyEljcDJGyU5DjpVIAn1irFCwtuloSc_j1NMKFdYgjGpkWqGZQju3DGSCtlnW2eqgF0Vh5EAGeVQ.VNEY40-lcvlczOW2Sihy4wcNVU0uPQDN1CG8dYeH27o&dib_tag=se&keywords=laptops&qid=1739042256&sprefix=laptops%2Caps%2C261&sr=8-55
,,,
,,,
HP Firefly 16 inch G11/BZ MB WS ZB/Firefly 16 G11/DSC U7-155H/32GB/1TB SSD/RTX A500 4GB/Win11 Pro 64/3 Year Warranty(A1VX4PT),"1,42,000",5.0 out of 5 stars,https://amazon.in//HP-Firefly-U7-155H-Warranty-A1VX4PT/dp/B0DP4FX28W/ref=sr_1_56?crid=4EWMQE3KTUMK&dib=eyJ2IjoiMSJ9.zJqr8tCkicEAXxZAqmVwpX9Jj3vJxxNX49lZY_fSpfiyD2y2wCOAZViNQFXyiVR1gQa-OyHVGx9wbZJM3iM_ZwulT6K97kqrl8nPUdGg6TE9NZKbpgKJYj_Z4853ULdiHVsu2abcIjyDJfqUC54C_yoFC05i72NoyEljcDJGyU5DjpVIAn1irFCwtuloSc_j1NMKFdYgjGpkWqGZQju3DGSCtlnW2eqgF0Vh5EAGeVQ.VNEY40-lcvlczOW2Sihy4wcNVU0uPQDN1CG8dYeH27o&dib_tag=se&keywords=laptops&qid=1739042256&sprefix=laptops%2Caps%2C261&sr=8-56
,,,
,,,
,,,
,,,
"HP 15, AMD Ryzen 3 7320U, 8GB LPDDR5, 512GB SSD, Anti-Glare, Micro-Edge, 15.6-inch (39.6 cm), FHD, AMD Radeon Graphics, 1080p HD Camera, (Win 11, Silver, 1.59 kg), fc0154AU","29,140",4.1 out of 5 stars,https://amazon.in//HP-Laptop-15-6-inch-Graphics-fc0154AU/dp/B0D3HG5CMG/ref=sr_1_57?crid=4EWMQE3KTUMK&dib=eyJ2IjoiMSJ9.zJqr8tCkicEAXxZAqmVwpX9Jj3vJxxNX49lZY_fSpfiyD2y2wCOAZViNQFXyiVR1gQa-OyHVGx9wbZJM3iM_ZwulT6K97kqrl8nPUdGg6TE9NZKbpgKJYj_Z4853ULdiHVsu2abcIjyDJfqUC54C_yoFC05i72NoyEljcDJGyU5DjpVIAn1irFCwtuloSc_j1NMKFdYgjGpkWqGZQju3DGSCtlnW2eqgF0Vh5EAGeVQ.VNEY40-lcvlczOW2Sihy4wcNVU0uPQDN1CG8dYeH27o&dib_tag=se&keywords=laptops&qid=1739042256&sprefix=laptops%2Caps%2C261&sr=8-57
,,,
,,,
"ASUS VivoBook 15 (2022), IntelCore i3-1215U 12th Gen, 15.6"" (39.62 cm) FHD, Thin and Light Laptop (8GB/512 SSD//Windows 11/Office 2021/Backlit KB/Cool Silver/1.7 kg), X1504ZA-NJ322WS","32,799",4.4 out of 5 stars,https://amazon.in//ASUS-Vivobook-Intel%C2%AECoreTM-i3-1215U-15-6-inch/dp/B0CCKPTMYX/ref=sr_1_58?crid=4EWMQE3KTUMK&dib=eyJ2IjoiMSJ9.zJqr8tCkicEAXxZAqmVwpX9Jj3vJxxNX49lZY_fSpfiyD2y2wCOAZViNQFXyiVR1gQa-OyHVGx9wbZJM3iM_ZwulT6K97kqrl8nPUdGg6TE9NZKbpgKJYj_Z4853ULdiHVsu2abcIjyDJfqUC54C_yoFC05i72NoyEljcDJGyU5DjpVIAn1irFCwtuloSc_j1NMKFdYgjGpkWqGZQju3DGSCtlnW2eqgF0Vh5EAGeVQ.VNEY40-lcvlczOW2Sihy4wcNVU0uPQDN1CG8dYeH27o&dib_tag=se&keywords=laptops&qid=1739042256&sprefix=laptops%2Caps%2C261&sr=8-58
,,,
,,,
"HONOR MagicBook X16 (2024), 12th Gen Intel Core i5-12450H, 16-inch (40.64 cm) FHD IPS Anti-Glare Thin and Light Laptop (16GB/512GB PCIe SSD/Windows 11/ Full-Size Numeric Keyboard /1.68Kg), Gray","46,490",3.8 out of 5 stars,https://amazon.in//sspa/click?ie=UTF8&spc=MTo0MzE3MTI4NDg5NzA5MTY1OjE3MzkwNDIyNTY6c3BfbXRmOjMwMDQ1NjIyMjA4MDAzMjo6MDo6&url=%2FMagicBook-i5-12450H-Anti-Glare-Full-Size-Keyboard%2Fdp%2FB0CRQB4HBP%2Fref%3Dsr_1_59_sspa%3Fcrid%3D4EWMQE3KTUMK%26dib%3DeyJ2IjoiMSJ9.zJqr8tCkicEAXxZAqmVwpX9Jj3vJxxNX49lZY_fSpfiyD2y2wCOAZViNQFXyiVR1gQa-OyHVGx9wbZJM3iM_ZwulT6K97kqrl8nPUdGg6TE9NZKbpgKJYj_Z4853ULdiHVsu2abcIjyDJfqUC54C_yoFC05i72NoyEljcDJGyU5DjpVIAn1irFCwtuloSc_j1NMKFdYgjGpkWqGZQju3DGSCtlnW2eqgF0Vh5EAGeVQ.VNEY40-lcvlczOW2Sihy4wcNVU0uPQDN1CG8dYeH27o%26dib_tag%3Dse%26keywords%3Dlaptops%26qid%3D1739042256%26sprefix%3Dlaptops%252Caps%252C261%26sr%3D8-59-spons%26sp_csd%3Dd2lkZ2V0TmFtZT1zcF9tdGY%26psc%3D1
,,,
,,,
"Lenovo IdeaPad Slim 3 AMD Ryzen 5 7520U 14"" FHD (1920x1080) Anti-Glare Thin and Light Laptop (8 GB/512GB SDD/Windows 11 Home/1Yr Warranty/Arctic Grey/1.37Kg), 82XN006TIN","38,990",4.5 out of 5 stars,https://amazon.in//sspa/click?ie=UTF8&spc=MTo0MzE3MTI4NDg5NzA5MTY1OjE3MzkwNDIyNTY6c3BfbXRmOjMwMDQ2MzU1NjYyOTYzMjo6MDo6&url=%2FLenovo-1920x1080-Anti-Glare-Warranty-82XN006TIN%2Fdp%2FB0DR9663P7%2Fref%3Dsr_1_60_sspa%3Fcrid%3D4EWMQE3KTUMK%26dib%3DeyJ2IjoiMSJ9.zJqr8tCkicEAXxZAqmVwpX9Jj3vJxxNX49lZY_fSpfiyD2y2wCOAZViNQFXyiVR1gQa-OyHVGx9wbZJM3iM_ZwulT6K97kqrl8nPUdGg6TE9NZKbpgKJYj_Z4853ULdiHVsu2abcIjyDJfqUC54C_yoFC05i72NoyEljcDJGyU5DjpVIAn1irFCwtuloSc_j1NMKFdYgjGpkWqGZQju3DGSCtlnW2eqgF0Vh5EAGeVQ.VNEY40-lcvlczOW2Sihy4wcNVU0uPQDN1CG8dYeH27o%26dib_tag%3Dse%26keywords%3Dlaptops%26qid%3D1739042256%26sprefix%3Dlaptops%252Caps%252C261%26sr%3D8-60-spons%26sp_csd%3Dd2lkZ2V0TmFtZT1zcF9tdGY%26psc%3D1
,,,
,,,
,,,
"HP Laptop 15, AMD Ryzen 5 5500U, 15.6-inch (39.6 cm), FHD, 16GB DDR4(3200 SDRAM), 512GB SSD, Dual Speakers,MSO,Windows 11,Natural Silver,1.69 kg,15s-eq2305au","40,999",4.7 out of 5 stars,https://amazon.in//HP-15-6-inch-Speakers-Windows-15s-eq2305au/dp/B0CY2MJ7LL/ref=sr_1_61?crid=4EWMQE3KTUMK&dib=eyJ2IjoiMSJ9.zJqr8tCkicEAXxZAqmVwpX9Jj3vJxxNX49lZY_fSpfiyD2y2wCOAZViNQFXyiVR1gQa-OyHVGx9wbZJM3iM_ZwulT6K97kqrl8nPUdGg6TE9NZKbpgKJYj_Z4853ULdiHVsu2abcIjyDJfqUC54C_yoFC05i72NoyEljcDJGyU5DjpVIAn1irFCwtuloSc_j1NMKFdYgjGpkWqGZQju3DGSCtlnW2eqgF0Vh5EAGeVQ.VNEY40-lcvlczOW2Sihy4wcNVU0uPQDN1CG8dYeH27o&dib_tag=se&keywords=laptops&qid=1739042256&sprefix=laptops%2Caps%2C261&sr=8-61
,,,
,,,
"Lenovo V15 Thin & Light Laptop, 15.6"" FHD Display, Intel Core i5 12th Gen (1235U), 16GB DDR4 RAM, 512GB SSD, Webcam, HDMI, Wi-Fi-6, Windows 11, Intel Iris Xe Graphics, Black,1 Year Brand Warranty","42,990",3.7 out of 5 stars,https://amazon.in//Lenovo-V15-Display-Graphics-Warranty/dp/B0DBLGQVD9/ref=sr_1_62?crid=4EWMQE3KTUMK&dib=eyJ2IjoiMSJ9.zJqr8tCkicEAXxZAqmVwpX9Jj3vJxxNX49lZY_fSpfiyD2y2wCOAZViNQFXyiVR1gQa-OyHVGx9wbZJM3iM_ZwulT6K97kqrl8nPUdGg6TE9NZKbpgKJYj_Z4853ULdiHVsu2abcIjyDJfqUC54C_yoFC05i72NoyEljcDJGyU5DjpVIAn1irFCwtuloSc_j1NMKFdYgjGpkWqGZQju3DGSCtlnW2eqgF0Vh5EAGeVQ.VNEY40-lcvlczOW2Sihy4wcNVU0uPQDN1CG8dYeH27o&dib_tag=se&keywords=laptops&qid=1739042256&sprefix=laptops%2Caps%2C261&sr=8-62
,,,
,,,
,,,
,,,
"Acer Aspire Lite 12th Gen Intel Core i7-1255U Premium Metal Laptop (Windows 11 Home/16 GB RAM/512 GB SSD) AL15-52, 39.62cm (15.6"") Full HD Display, Metal Body, Steel Gray, 1.59 Kg","49,990",3.5 out of 5 stars,https://amazon.in//sspa/click?ie=UTF8&spc=MTo2NDUyMzUzNzkzNjkyNjkzOjE3MzkwNDIyMDk6c3BfbXRmOjMwMDE3OTQ3ODc3NzUzMjo6MDo6&url=%2FAcer-i7-1255U-Premium-Windows-AL15-52%2Fdp%2FB0D262KC1J%2Fref%3Dsr_1_11_sspa%3Fcrid%3D4EWMQE3KTUMK%26dib%3DeyJ2IjoiMSJ9.vhRlXsQCtqAyUobK7c89a7xEDpoNHsX-CnC61TnqBV-MXtNv23xcYWXK-95uyHZqYMS9Lq3cygKjk82hwSRU4vofezdBCbcten8eB1ZTj5rWLJi3mofxz6uhZYK3yny-X6Mwhq33-MghpFY_ECGhllI8CvPoksi0ojRR8cHdTES6hjRfUgsGqP7-FmOODlbBTVzy7l5vhu1L6a1My-g0CilpaZCFWGhLSAYPdyYvHLA.v5I8x4IioCzeZDHx2LP7zvJ8Vq_zc7yYBjlRSTKzyKo%26dib_tag%3Dse%26keywords%3Dlaptops%26qid%3D1739042209%26sprefix%3Dlaptops%252Caps%252C261%26sr%3D8-11-spons%26sp_csd%3Dd2lkZ2V0TmFtZT1zcF9tdGY%26psc%3D1
,,,
"ASUS VivoBook 15 (2022), IntelCore i3-1215U 12th Gen, 15.6"" (39.62 cm) FHD, Thin and Light Laptop (8GB/512 SSD//Windows 11/Office 2021//Backlit KB/Icelight Silver/1.7 kg), X1502ZA-EJ322WS","32,990",4.0 out of 5 stars,https://amazon.in//ASUS-VivoBook-Intel%C2%AECoreTM-i3-1215U-X1502ZA-EJ322WS/dp/B0BTVMBLZC/ref=sr_1_64?crid=4EWMQE3KTUMK&dib=eyJ2IjoiMSJ9.zJqr8tCkicEAXxZAqmVwpX9Jj3vJxxNX49lZY_fSpfiyD2y2wCOAZViNQFXyiVR1gQa-OyHVGx9wbZJM3iM_ZwulT6K97kqrl8nPUdGg6TE9NZKbpgKJYj_Z4853ULdiHVsu2abcIjyDJfqUC54C_yoFC05i72NoyEljcDJGyU5DjpVIAn1irFCwtuloSc_j1NMKFdYgjGpkWqGZQju3DGSCtlnW2eqgF0Vh5EAGeVQ.VNEY40-lcvlczOW2Sihy4wcNVU0uPQDN1CG8dYeH27o&dib_tag=se&keywords=laptops&qid=1739042256&sprefix=laptops%2Caps%2C261&sr=8-64
,,,
,,,
"Microsoft New Surface Pro (11Th Edition) - Windows 11 Home Copilot + Pc - 13"" LCD Pixelsense Touchscreen - Qualcomm Snapdragon X Plus (10 Core,Wi-Fi) - 16Gb Ram - 256Gb Ssd - Platinum - Zhx-00014","1,13,990",4.4 out of 5 stars,https://amazon.in//Microsoft-New-Surface-Pro-11Th/dp/B0D926JN5N/ref=sr_1_65?crid=4EWMQE3KTUMK&dib=eyJ2IjoiMSJ9.zJqr8tCkicEAXxZAqmVwpX9Jj3vJxxNX49lZY_fSpfiyD2y2wCOAZViNQFXyiVR1gQa-OyHVGx9wbZJM3iM_ZwulT6K97kqrl8nPUdGg6TE9NZKbpgKJYj_Z4853ULdiHVsu2abcIjyDJfqUC54C_yoFC05i72NoyEljcDJGyU5DjpVIAn1irFCwtuloSc_j1NMKFdYgjGpkWqGZQju3DGSCtlnW2eqgF0Vh5EAGeVQ.VNEY40-lcvlczOW2Sihy4wcNVU0uPQDN1CG8dYeH27o&dib_tag=se&keywords=laptops&qid=1739042256&sprefix=laptops%2Caps%2C261&sr=8-65
,,,
,,,
"Florican Portable Invisible Laptop Riser Stand | Mini Aluminum Cooling Pad, Lightweight Laptop Desk Stand for MacBook, Lenovo, Dell, HP & Other Laptops (Cool Silver)",270,4.3 out of 5 stars,https://amazon.in//Florican-Portable-Invisible-Aluminum-Lightweight/dp/B0BTRXNHB3/ref=sr_1_66?crid=4EWMQE3KTUMK&dib=eyJ2IjoiMSJ9.zJqr8tCkicEAXxZAqmVwpX9Jj3vJxxNX49lZY_fSpfiyD2y2wCOAZViNQFXyiVR1gQa-OyHVGx9wbZJM3iM_ZwulT6K97kqrl8nPUdGg6TE9NZKbpgKJYj_Z4853ULdiHVsu2abcIjyDJfqUC54C_yoFC05i72NoyEljcDJGyU5DjpVIAn1irFCwtuloSc_j1NMKFdYgjGpkWqGZQju3DGSCtlnW2eqgF0Vh5EAGeVQ.VNEY40-lcvlczOW2Sihy4wcNVU0uPQDN1CG8dYeH27o&dib_tag=se&keywords=laptops&qid=1739042256&sprefix=laptops%2Caps%2C261&sr=8-66
,,,
,,,
,,,
,,,
,,,
,,,
"Dyazo 6 Angle Foldable & Portable Laptop Riser Stand Made with Aluminum Alloy |Compatible for Dell, Mac Book Air/Pro, Lenovo Acer Hp Asus & Other Laptop from 11.6 inch to 15.6 Inches- Black",399,4.3 out of 5 stars,https://amazon.in//Dyazo-Foldable-Portable-Aluminum-Compatible/dp/B099ZXYCWP/ref=sr_1_68?crid=4EWMQE3KTUMK&dib=eyJ2IjoiMSJ9.zJqr8tCkicEAXxZAqmVwpX9Jj3vJxxNX49lZY_fSpfiyD2y2wCOAZViNQFXyiVR1gQa-OyHVGx9wbZJM3iM_ZwulT6K97kqrl8nPUdGg6TE9NZKbpgKJYj_Z4853ULdiHVsu2abcIjyDJfqUC54C_yoFC05i72NoyEljcDJGyU5DjpVIAn1irFCwtuloSc_j1NMKFdYgjGpkWqGZQju3DGSCtlnW2eqgF0Vh5EAGeVQ.VNEY40-lcvlczOW2Sihy4wcNVU0uPQDN1CG8dYeH27o&dib_tag=se&keywords=laptops&qid=1739042256&sprefix=laptops%2Caps%2C261&sr=8-68
,,,
,,,
"Lenovo IdeaPad Slim 1 AMD Ryzen 5 5500U 15.6"" HD Thin and Light Laptop (16GB/512GB SSD/Integrated AMD Graphics/Windows 11 Home/MSO 21/1Yr ADP Free/Cloud Grey/1.61Kg), 82R400ERIN","37,990",3.9 out of 5 stars,https://amazon.in//sspa/click?ie=UTF8&spc=MTo0MzE3MTI4NDg5NzA5MTY1OjE3MzkwNDIyNTY6c3BfYnRmOjMwMDExOTgwOTMxNDYzMjo6MDo6&url=%2FLenovo-IdeaPad-Laptop-Windows-82R400ERIN%2Fdp%2FB0CP2KRYLM%2Fref%3Dsr_1_69_sspa%3Fcrid%3D4EWMQE3KTUMK%26dib%3DeyJ2IjoiMSJ9.zJqr8tCkicEAXxZAqmVwpX9Jj3vJxxNX49lZY_fSpfiyD2y2wCOAZViNQFXyiVR1gQa-OyHVGx9wbZJM3iM_ZwulT6K97kqrl8nPUdGg6TE9NZKbpgKJYj_Z4853ULdiHVsu2abcIjyDJfqUC54C_yoFC05i72NoyEljcDJGyU5DjpVIAn1irFCwtuloSc_j1NMKFdYgjGpkWqGZQju3DGSCtlnW2eqgF0Vh5EAGeVQ.VNEY40-lcvlczOW2Sihy4wcNVU0uPQDN1CG8dYeH27o%26dib_tag%3Dse%26keywords%3Dlaptops%26qid%3D1739042256%26sprefix%3Dlaptops%252Caps%252C261%26sr%3D8-69-spons%26sp_csd%3Dd2lkZ2V0TmFtZT1zcF9idGY%26psc%3D1
,,,
,,,
,,,
,,,
,,,
,,,
,,,
,,,
"Dell 15 Thin & Light Laptop, Windows 11 Home, Intel Core i5-1235U Processor, 8GB RAM + 512GB SSD, 15.6"" FHD Window 11 + Mso '21, 15 Month Mcafee, Spill-Resistant Keyboard, Black, 1.66Kg","45,490",3.4 out of 5 stars,https://amazon.in//sspa/click?ie=UTF8&spc=MTo2NDUyMzUzNzkzNjkyNjkzOjE3MzkwNDIyMDk6c3BfbXRmOjMwMDEzNzkwMzc3NzczMjo6MDo6&url=%2FDell-i5-1235U-Processor-Antivirus-Spill-Resistant%2Fdp%2FB0CSG4G18G%2Fref%3Dsr_1_12_sspa%3Fcrid%3D4EWMQE3KTUMK%26dib%3DeyJ2IjoiMSJ9.vhRlXsQCtqAyUobK7c89a7xEDpoNHsX-CnC61TnqBV-MXtNv23xcYWXK-95uyHZqYMS9Lq3cygKjk82hwSRU4vofezdBCbcten8eB1ZTj5rWLJi3mofxz6uhZYK3yny-X6Mwhq33-MghpFY_ECGhllI8CvPoksi0ojRR8cHdTES6hjRfUgsGqP7-FmOODlbBTVzy7l5vhu1L6a1My-g0CilpaZCFWGhLSAYPdyYvHLA.v5I8x4IioCzeZDHx2LP7zvJ8Vq_zc7yYBjlRSTKzyKo%26dib_tag%3Dse%26keywords%3Dlaptops%26qid%3D1739042209%26sprefix%3Dlaptops%252Caps%252C261%26sr%3D8-12-spons%26sp_csd%3Dd2lkZ2V0TmFtZT1zcF9tdGY%26psc%3D1
,,,
,,,
"Lenovo V14 G3 Intel Core i5 12th Gen 1235U /16GB/512GB SSD/Intel UHD Graphics/Windows 11/ Thin and Light Business Laptop/14.0"" FHD Display/Iron Grey/1.57 kg","38,500",3.7 out of 5 stars,https://amazon.in//Lenovo-V14-G3-Graphics-Business/dp/B08HJWSGW6/ref=sr_1_13?crid=4EWMQE3KTUMK&dib=eyJ2IjoiMSJ9.vhRlXsQCtqAyUobK7c89a7xEDpoNHsX-CnC61TnqBV-MXtNv23xcYWXK-95uyHZqYMS9Lq3cygKjk82hwSRU4vofezdBCbcten8eB1ZTj5rWLJi3mofxz6uhZYK3yny-X6Mwhq33-MghpFY_ECGhllI8CvPoksi0ojRR8cHdTES6hjRfUgsGqP7-FmOODlbBTVzy7l5vhu1L6a1My-g0CilpaZCFWGhLSAYPdyYvHLA.v5I8x4IioCzeZDHx2LP7zvJ8Vq_zc7yYBjlRSTKzyKo&dib_tag=se&keywords=laptops&qid=1739042209&sprefix=laptops%2Caps%2C261&sr=8-13
,,,
,,,
,,,
"Acer Aspire Lite AMD Ryzen 5-5625U Premium Thin and Light Laptop (16 GB RAM/512 GB SSD/Windows 11 Home) AL15-41, 39.62 cm (15.6"") Full HD Display, Metal Body, Steel Gray, 1.59 KG","33,490",3.9 out of 5 stars,https://amazon.in//5-5625U-Premium-Windows-AL15-41-Display/dp/B0DG2GCTD7/ref=sr_1_14?crid=4EWMQE3KTUMK&dib=eyJ2IjoiMSJ9.vhRlXsQCtqAyUobK7c89a7xEDpoNHsX-CnC61TnqBV-MXtNv23xcYWXK-95uyHZqYMS9Lq3cygKjk82hwSRU4vofezdBCbcten8eB1ZTj5rWLJi3mofxz6uhZYK3yny-X6Mwhq33-MghpFY_ECGhllI8CvPoksi0ojRR8cHdTES6hjRfUgsGqP7-FmOODlbBTVzy7l5vhu1L6a1My-g0CilpaZCFWGhLSAYPdyYvHLA.v5I8x4IioCzeZDHx2LP7zvJ8Vq_zc7yYBjlRSTKzyKo&dib_tag=se&keywords=laptops&qid=1739042209&sprefix=laptops%2Caps%2C261&sr=8-14
,,,
,,,
"ASUS Vivobook 15, Intel Core i5-12500H 12th Gen,Thin and Light Laptop,15.6"" (39.62 cm) FHD, (8GB RAM/512GB/Windows11/Office 2021/Blue/1.7 kg), X1502ZA-EJ523WS","46,990",4.0 out of 5 stars,https://amazon.in//ASUS-Vivobook-i5-12500H-Laptop-X1502ZA-EJ523WS/dp/B0C5N3G2MD/ref=sr_1_15?crid=4EWMQE3KTUMK&dib=eyJ2IjoiMSJ9.vhRlXsQCtqAyUobK7c89a7xEDpoNHsX-CnC61TnqBV-MXtNv23xcYWXK-95uyHZqYMS9Lq3cygKjk82hwSRU4vofezdBCbcten8eB1ZTj5rWLJi3mofxz6uhZYK3yny-X6Mwhq33-MghpFY_ECGhllI8CvPoksi0ojRR8cHdTES6hjRfUgsGqP7-FmOODlbBTVzy7l5vhu1L6a1My-g0CilpaZCFWGhLSAYPdyYvHLA.v5I8x4IioCzeZDHx2LP7zvJ8Vq_zc7yYBjlRSTKzyKo&dib_tag=se&keywords=laptops&qid=1739042209&sprefix=laptops%2Caps%2C261&sr=8-15
,,,
,,,
"Acer Aspire 3 Laptop Intel Core Celeron N4500 Processor Laptop (8 GB LPDDR4X SDRAM/256 GB SSD/Win11 Home/38 WHR/HD Webcam) A325-45 with 39.63 cm (15.6"") HD Display, Pure Silver, 1.5 KG","22,990",3.3 out of 5 stars,https://amazon.in//Acer-Celeron-Processor-LPDDR4X-A325-45/dp/B0D7PTFFZH/ref=sr_1_16?crid=4EWMQE3KTUMK&dib=eyJ2IjoiMSJ9.vhRlXsQCtqAyUobK7c89a7xEDpoNHsX-CnC61TnqBV-MXtNv23xcYWXK-95uyHZqYMS9Lq3cygKjk82hwSRU4vofezdBCbcten8eB1ZTj5rWLJi3mofxz6uhZYK3yny-X6Mwhq33-MghpFY_ECGhllI8CvPoksi0ojRR8cHdTES6hjRfUgsGqP7-FmOODlbBTVzy7l5vhu1L6a1My-g0CilpaZCFWGhLSAYPdyYvHLA.v5I8x4IioCzeZDHx2LP7zvJ8Vq_zc7yYBjlRSTKzyKo&dib_tag=se&keywords=laptops&qid=1739042209&sprefix=laptops%2Caps%2C261&sr=8-16
,,,
,,,
,,,
"HP 15 AMD Ryzen 3 7320U (8GB Ram/512GB SSD/Fhd/15.6"" (39.6 Cm)/Backlit Keyboard/Windows 11/Ms Office 21/1.59Kg/Silver) Fc0026Au Laptop","31,432",4.0 out of 5 stars,https://amazon.in//HP-Backlit-Keyboard-Windows-Fc0026Au/dp/B0C3RCR4K7/ref=sr_1_17?crid=4EWMQE3KTUMK&dib=eyJ2IjoiMSJ9.vhRlXsQCtqAyUobK7c89a7xEDpoNHsX-CnC61TnqBV-MXtNv23xcYWXK-95uyHZqYMS9Lq3cygKjk82hwSRU4vofezdBCbcten8eB1ZTj5rWLJi3mofxz6uhZYK3yny-X6Mwhq33-MghpFY_ECGhllI8CvPoksi0ojRR8cHdTES6hjRfUgsGqP7-FmOODlbBTVzy7l5vhu1L6a1My-g0CilpaZCFWGhLSAYPdyYvHLA.v5I8x4IioCzeZDHx2LP7zvJ8Vq_zc7yYBjlRSTKzyKo&dib_tag=se&keywords=laptops&qid=1739042209&sprefix=laptops%2Caps%2C261&sr=8-17
,,,
,,,
"Dell Inspiron 3530 13th Gen Laptop, Intel Core i3-1305U/8GB/512GB SSD/15.6"" (39.62cm) FHD WVA AG 120Hz 250 nits Narrow Border/Windows 11+MSO'21/McAfee 15 Month/Platinum Silver/1.62kg","37,990",3.7 out of 5 stars,https://amazon.in//Dell-Inspiron-i3-1305U-39-62cm-Platinum/dp/B0DRKPKH7P/ref=sr_1_18?crid=4EWMQE3KTUMK&dib=eyJ2IjoiMSJ9.vhRlXsQCtqAyUobK7c89a7xEDpoNHsX-CnC61TnqBV-MXtNv23xcYWXK-95uyHZqYMS9Lq3cygKjk82hwSRU4vofezdBCbcten8eB1ZTj5rWLJi3mofxz6uhZYK3yny-X6Mwhq33-MghpFY_ECGhllI8CvPoksi0ojRR8cHdTES6hjRfUgsGqP7-FmOODlbBTVzy7l5vhu1L6a1My-g0CilpaZCFWGhLSAYPdyYvHLA.v5I8x4IioCzeZDHx2LP7zvJ8Vq_zc7yYBjlRSTKzyKo&dib_tag=se&keywords=laptops&qid=1739042209&sprefix=laptops%2Caps%2C261&sr=8-18
,,,
,,,
"ASUS TUF Gaming, Gaming Laptop, 14"" FHD, 165Hz 400 nits, AMD Ryzen AI 9 HX 370 Processor 2.0GHz (32GB RAM/2TB SSD/NVIDIA GeForce RTX 4060/Windows 11/Office 2021//Jaeger Gray/1.46 Kg), FA401WV-RG037WS","1,64,990",4.3 out of 5 stars,https://amazon.in//ASUS-Processor-GeForce-Windows-FA401WV-RG037WS/dp/B0DBLMYJJ6/ref=sr_1_19?crid=4EWMQE3KTUMK&dib=eyJ2IjoiMSJ9.vhRlXsQCtqAyUobK7c89a7xEDpoNHsX-CnC61TnqBV-MXtNv23xcYWXK-95uyHZqYMS9Lq3cygKjk82hwSRU4vofezdBCbcten8eB1ZTj5rWLJi3mofxz6uhZYK3yny-X6Mwhq33-MghpFY_ECGhllI8CvPoksi0ojRR8cHdTES6hjRfUgsGqP7-FmOODlbBTVzy7l5vhu1L6a1My-g0CilpaZCFWGhLSAYPdyYvHLA.v5I8x4IioCzeZDHx2LP7zvJ8Vq_zc7yYBjlRSTKzyKo&dib_tag=se&keywords=laptops&qid=1739042209&sprefix=laptops%2Caps%2C261&sr=8-19
,,,
,,,
"Samsung Galaxy Book3 Pro Intel 13th Gen i5 EvoTM 35.56cm(14"") Dynamic Amoled 2X, 3K Display, 120Hz, Ultra Thin & Light Laptop(16 GB/512 GB SSD/Windows 11/MS Office/Graphite/1.17Kg), NP940XFG-KC1IN","97,150",4.0 out of 5 stars,https://amazon.in//Samsung-35-56cm-Dynamic-Graphite-NP940XFG-KC1IN/dp/B0BSH3JFP2/ref=sr_1_20?crid=4EWMQE3KTUMK&dib=eyJ2IjoiMSJ9.vhRlXsQCtqAyUobK7c89a7xEDpoNHsX-CnC61TnqBV-MXtNv23xcYWXK-95uyHZqYMS9Lq3cygKjk82hwSRU4vofezdBCbcten8eB1ZTj5rWLJi3mofxz6uhZYK3yny-X6Mwhq33-MghpFY_ECGhllI8CvPoksi0ojRR8cHdTES6hjRfUgsGqP7-FmOODlbBTVzy7l5vhu1L6a1My-g0CilpaZCFWGhLSAYPdyYvHLA.v5I8x4IioCzeZDHx2LP7zvJ8Vq_zc7yYBjlRSTKzyKo&dib_tag=se&keywords=laptops&qid=1739042209&sprefix=laptops%2Caps%2C261&sr=8-20
"ASUS TUF Gaming A15, AMD Ryzen 7 7435Hs, 15.6-Inch, FHD 144Hz, Gaming Laptop (16GB RAM/512GB SSD/NVIDIA Geforce RTX 3050/Windows 11/48WHR/Graphite Black/2.3 Kg), FA506NCR-HN054W","63,990",4.0 out of 5 stars,https://amazon.in//ASUS-15-6-inch-GeForce-Graphite-FA506NCR-HN054W/dp/B0D5DFR78J/ref=sr_1_3?crid=4EWMQE3KTUMK&dib=eyJ2IjoiMSJ9.vhRlXsQCtqAyUobK7c89a7xEDpoNHsX-CnC61TnqBV-MXtNv23xcYWXK-95uyHZqYMS9Lq3cygKjk82hwSRU4vofezdBCbcten8eB1ZTj5rWLJi3mofxz6uhZYK3yny-X6Mwhq33-MghpFY_ECGhllI8CvPoksi0ojRR8cHdTES6hjRfUgsGqP7-FmOODlbBTVzy7l5vhu1L6a1My-g0CilpaZCFWGhLSAYPdyYvHLA.v5I8x4IioCzeZDHx2LP7zvJ8Vq_zc7yYBjlRSTKzyKo&dib_tag=se&keywords=laptops&qid=1739042209&sprefix=laptops%2Caps%2C261&sr=8-3
,,,
,,,
"Acer Aspire Lite 12th Gen Intel Core i5-12450H Thin and Light Laptop (Windows11Home/16GB RAM/512GB SSD/MSO) AL15-52H, 39.62cm (15.6"") IPS Full HD, Backlit Keyboard, Pure Silver, 1.7KG","52,990",3.9 out of 5 stars,https://amazon.in//sspa/click?ie=UTF8&spc=MTo2NDUyMzUzNzkzNjkyNjkzOjE3MzkwNDIyMDk6c3BfYnRmOjMwMDMyNTkyMDk2MzczMjo6MDo6&url=%2FAcer-i5-12450H-Windows11Home-AL15-52H-Keyboard%2Fdp%2FB0DDL495SX%2Fref%3Dsr_1_21_sspa%3Fcrid%3D4EWMQE3KTUMK%26dib%3DeyJ2IjoiMSJ9.vhRlXsQCtqAyUobK7c89a7xEDpoNHsX-CnC61TnqBV-MXtNv23xcYWXK-95uyHZqYMS9Lq3cygKjk82hwSRU4vofezdBCbcten8eB1ZTj5rWLJi3mofxz6uhZYK3yny-X6Mwhq33-MghpFY_ECGhllI8CvPoksi0ojRR8cHdTES6hjRfUgsGqP7-FmOODlbBTVzy7l5vhu1L6a1My-g0CilpaZCFWGhLSAYPdyYvHLA.v5I8x4IioCzeZDHx2LP7zvJ8Vq_zc7yYBjlRSTKzyKo%26dib_tag%3Dse%26keywords%3Dlaptops%26qid%3D1739042209%26sprefix%3Dlaptops%252Caps%252C261%26sr%3D8-21-spons%26sp_csd%3Dd2lkZ2V0TmFtZT1zcF9idGY%26psc%3D1
,,,
,,,
"Dell 15 Thin & Light Laptop, Intel Core i5-1235U Processor/16GB DDR4 + 512GB SSD/Intel UHD Graphics/15.6"" (39.62cm) FHD Display/Win 11 + MSO'21/15 Month McAfee/Carbon Black/Spill Resistant KB/1.69kg","50,990",3.7 out of 5 stars,https://amazon.in//sspa/click?ie=UTF8&spc=MTo2NDUyMzUzNzkzNjkyNjkzOjE3MzkwNDIyMDk6c3BfYnRmOjMwMDE5NzEyNzEyODEzMjo6MDo6&url=%2FDell-15-Processor-Antivirus-Spill-Resistant%2Fdp%2FB0BQJ7WR2R%2Fref%3Dsr_1_22_sspa%3Fcrid%3D4EWMQE3KTUMK%26dib%3DeyJ2IjoiMSJ9.vhRlXsQCtqAyUobK7c89a7xEDpoNHsX-CnC61TnqBV-MXtNv23xcYWXK-95uyHZqYMS9Lq3cygKjk82hwSRU4vofezdBCbcten8eB1ZTj5rWLJi3mofxz6uhZYK3yny-X6Mwhq33-MghpFY_ECGhllI8CvPoksi0ojRR8cHdTES6hjRfUgsGqP7-FmOODlbBTVzy7l5vhu1L6a1My-g0CilpaZCFWGhLSAYPdyYvHLA.v5I8x4IioCzeZDHx2LP7zvJ8Vq_zc7yYBjlRSTKzyKo%26dib_tag%3Dse%26keywords%3Dlaptops%26qid%3D1739042209%26sprefix%3Dlaptops%252Caps%252C261%26sr%3D8-22-spons%26sp_csd%3Dd2lkZ2V0TmFtZT1zcF9idGY%26psc%3D1
,,,
,,,
,,,
,,,
,,,
"Lenovo Yoga Slim 7 Aura Edition Intel Evo Core Ultra 7 258V (32GB RAM/1TB SSD/15(38.86cm)/Copilot+ PC/Windows 11/Office Home 2024/Grey/1.53Kg), 83HM004NIN AI Laptop","1,47,990",5.0 out of 5 stars,https://amazon.in//sspa/click?ie=UTF8&spc=MTo4MzYzNzUwNDAxMzAwMTcxOjE3MzkwNDIyMjE6c3BfYXRmOjMwMDQ3NTkyNzgxODUzMjo6MDo6&url=%2FLenovo-38-86cm-Copilot-Windows-83HM004NIN%2Fdp%2FB0DP6RBVSK%2Fref%3Dsr_1_1_sspa%3Fcrid%3D4EWMQE3KTUMK%26dib%3DeyJ2IjoiMSJ9.vhRlXsQCtqAyUobK7c89a7xEDpoNHsX-CnC61TnqBV-MXtNv23xcYWXK-95uyHZqYMS9Lq3cygKjk82hwSRU4vofezdBCbcten8eB1ZTj5rWLJi3mofxz6uhZYK3yny-X6Mwhq33-MghpFY_ECGhllI8CvPoksi0ojRR8cHdTES6hjRfUgsGqP7-FmOODlbBTVzy7l5vhu1L6a1My-g0CilpaZCFWGhLSAYPdyYvHLA.v5I8x4IioCzeZDHx2LP7zvJ8Vq_zc7yYBjlRSTKzyKo%26dib_tag%3Dse%26keywords%3Dlaptops%26qid%3D1739042221%26sprefix%3Dlaptops%252Caps%252C261%26sr%3D8-1-spons%26sp_csd%3Dd2lkZ2V0TmFtZT1zcF9hdGY%26psc%3D1
,,,
,,,
,,,
,,,
,,,
"ASUS TUF Gaming A15, AMD Ryzen 7 7435Hs, 15.6-Inch, FHD 144Hz, Gaming Laptop (16GB RAM/512GB SSD/NVIDIA Geforce RTX 3050/Windows 11/48WHR/Graphite Black/2.3 Kg), FA506NCR-HN054W","63,990",4.0 out of 5 stars,https://amazon.in//ASUS-15-6-inch-GeForce-Graphite-FA506NCR-HN054W/dp/B0D5DFR78J/ref=sr_1_3?crid=4EWMQE3KTUMK&dib=eyJ2IjoiMSJ9.vhRlXsQCtqAyUobK7c89a7xEDpoNHsX-CnC61TnqBV-MXtNv23xcYWXK-95uyHZqYMS9Lq3cygKjk82hwSRU4vofezdBCbcten8eB1ZTj5rWLJi3mofxz6uhZYK3yny-X6Mwhq33-MghpFY_ECGhllI8CvPoksi0ojRR8cHdTES6hjRfUgsGqP7-FmOODlbBTVzy7l5vhu1L6a1My-g0CilpaZCFWGhLSAYPdyYvHLA.v5I8x4IioCzeZDHx2LP7zvJ8Vq_zc7yYBjlRSTKzyKo&dib_tag=se&keywords=laptops&qid=1739042221&sprefix=laptops%2Caps%2C261&sr=8-3
,,,
,,,
"Apple MacBook Air Laptop: Apple M1 chip, 13.3-inch/33.74 cm Retina Display, 8GB RAM, 256GB SSD Storage, Backlit Keyboard, FaceTime HD Camera, Touch ID. Works with iPhone/iPad; Space Grey","67,990",4.6 out of 5 stars,https://amazon.in//Apple-MacBook-Chip-13-inch-256GB/dp/B08N5W4NNB/ref=sr_1_4?crid=4EWMQE3KTUMK&dib=eyJ2IjoiMSJ9.vhRlXsQCtqAyUobK7c89a7xEDpoNHsX-CnC61TnqBV-MXtNv23xcYWXK-95uyHZqYMS9Lq3cygKjk82hwSRU4vofezdBCbcten8eB1ZTj5rWLJi3mofxz6uhZYK3yny-X6Mwhq33-MghpFY_ECGhllI8CvPoksi0ojRR8cHdTES6hjRfUgsGqP7-FmOODlbBTVzy7l5vhu1L6a1My-g0CilpaZCFWGhLSAYPdyYvHLA.v5I8x4IioCzeZDHx2LP7zvJ8Vq_zc7yYBjlRSTKzyKo&dib_tag=se&keywords=laptops&qid=1739042221&sprefix=laptops%2Caps%2C261&sr=8-4
,,,
,,,
,,,
"HP Victus, 12th Gen Intel Core i5-12450H, NVIDIA RTX 2050, 16GB DDR4, 512GB SSD (Win11, Office21, Blue, 2.3kg) 144Hz, 9MS, IPS, 15.6-inch(39.6cm) Gaming Laptop, Enhanced Cooling, fa1227TX/fa1314TX","62,990",4.0 out of 5 stars,https://amazon.in//HP-i5-12450H-15-6-inch-Response-fa1373TX/dp/B0D2DDJ6PJ/ref=sr_1_5?crid=4EWMQE3KTUMK&dib=eyJ2IjoiMSJ9.vhRlXsQCtqAyUobK7c89a7xEDpoNHsX-CnC61TnqBV-MXtNv23xcYWXK-95uyHZqYMS9Lq3cygKjk82hwSRU4vofezdBCbcten8eB1ZTj5rWLJi3mofxz6uhZYK3yny-X6Mwhq33-MghpFY_ECGhllI8CvPoksi0ojRR8cHdTES6hjRfUgsGqP7-FmOODlbBTVzy7l5vhu1L6a1My-g0CilpaZCFWGhLSAYPdyYvHLA.v5I8x4IioCzeZDHx2LP7zvJ8Vq_zc7yYBjlRSTKzyKo&dib_tag=se&keywords=laptops&qid=1739042221&sprefix=laptops%2Caps%2C261&sr=8-5
,,,
,,,
,,,
,,,
"Acer Aspire 3 Laptop Intel Core Celeron N4500 Processor Laptop (8 GB LPDDR4X SDRAM/512 GB SSD/Win11 Home/38 WHR/HD Webcam) A325-45 with 39.63 cm (15.6"") HD Display, Pure Silver, 1.5 KG","23,990",3.3 out of 5 stars,https://amazon.in//Acer-Celeron-Processor-LPDDR4X-A325-45/dp/B0D7PYTTGH/ref=sr_1_6?crid=4EWMQE3KTUMK&dib=eyJ2IjoiMSJ9.vhRlXsQCtqAyUobK7c89a7xEDpoNHsX-CnC61TnqBV-MXtNv23xcYWXK-95uyHZqYMS9Lq3cygKjk82hwSRU4vofezdBCbcten8eB1ZTj5rWLJi3mofxz6uhZYK3yny-X6Mwhq33-MghpFY_ECGhllI8CvPoksi0ojRR8cHdTES6hjRfUgsGqP7-FmOODlbBTVzy7l5vhu1L6a1My-g0CilpaZCFWGhLSAYPdyYvHLA.v5I8x4IioCzeZDHx2LP7zvJ8Vq_zc7yYBjlRSTKzyKo&dib_tag=se&keywords=laptops&qid=1739042221&sprefix=laptops%2Caps%2C261&sr=8-6
,,,
,,,
"Apple MacBook Air Laptop: Apple M1 chip, 13.3-inch/33.74 cm Retina Display, 8GB RAM, 256GB SSD Storage, Backlit Keyboard, FaceTime HD Camera, Touch ID. Works with iPhone/iPad; Space Grey","67,990",4.6 out of 5 stars,https://amazon.in//Apple-MacBook-Chip-13-inch-256GB/dp/B08N5W4NNB/ref=sr_1_4?crid=4EWMQE3KTUMK&dib=eyJ2IjoiMSJ9.vhRlXsQCtqAyUobK7c89a7xEDpoNHsX-CnC61TnqBV-MXtNv23xcYWXK-95uyHZqYMS9Lq3cygKjk82hwSRU4vofezdBCbcten8eB1ZTj5rWLJi3mofxz6uhZYK3yny-X6Mwhq33-MghpFY_ECGhllI8CvPoksi0ojRR8cHdTES6hjRfUgsGqP7-FmOODlbBTVzy7l5vhu1L6a1My-g0CilpaZCFWGhLSAYPdyYvHLA.v5I8x4IioCzeZDHx2LP7zvJ8Vq_zc7yYBjlRSTKzyKo&dib_tag=se&keywords=laptops&qid=1739042209&sprefix=laptops%2Caps%2C261&sr=8-4
"Lenovo IdeaPad 3 12th Gen Intel Core i3-1215U 14 Inch (35.5cm) FHD Thin & Light Laptop (8GB/512GB SSD/Win 11/Office 2021/1 Year Warranty/3months Game Pass/Arctic Grey/1.43Kg), 82RJ00FUIN","33,990",4.0 out of 5 stars,https://amazon.in//Lenovo-IdeaPad-i3-1215U-Warranty-82RJ00FUIN/dp/B0DFH99H7X/ref=sr_1_7?crid=4EWMQE3KTUMK&dib=eyJ2IjoiMSJ9.vhRlXsQCtqAyUobK7c89a7xEDpoNHsX-CnC61TnqBV-MXtNv23xcYWXK-95uyHZqYMS9Lq3cygKjk82hwSRU4vofezdBCbcten8eB1ZTj5rWLJi3mofxz6uhZYK3yny-X6Mwhq33-MghpFY_ECGhllI8CvPoksi0ojRR8cHdTES6hjRfUgsGqP7-FmOODlbBTVzy7l5vhu1L6a1My-g0CilpaZCFWGhLSAYPdyYvHLA.v5I8x4IioCzeZDHx2LP7zvJ8Vq_zc7yYBjlRSTKzyKo&dib_tag=se&keywords=laptops&qid=1739042221&sprefix=laptops%2Caps%2C261&sr=8-7
,,,
,,,
"Lenovo V15 AMD Ryzen 7 7730U 15.6"" (39.62cm) FHD 250 Nits Antiglare Thin and Light Laptop (16GB/512GB SSD/Windows 11/Iron Grey/1.65 Kg) Grey","39,999",4.3 out of 5 stars,https://amazon.in//Lenovo-Ryzen-39-62cm-Antiglare-Laptop/dp/B0D39BVJ7Y/ref=sr_1_8?crid=4EWMQE3KTUMK&dib=eyJ2IjoiMSJ9.vhRlXsQCtqAyUobK7c89a7xEDpoNHsX-CnC61TnqBV-MXtNv23xcYWXK-95uyHZqYMS9Lq3cygKjk82hwSRU4vofezdBCbcten8eB1ZTj5rWLJi3mofxz6uhZYK3yny-X6Mwhq33-MghpFY_ECGhllI8CvPoksi0ojRR8cHdTES6hjRfUgsGqP7-FmOODlbBTVzy7l5vhu1L6a1My-g0CilpaZCFWGhLSAYPdyYvHLA.v5I8x4IioCzeZDHx2LP7zvJ8Vq_zc7yYBjlRSTKzyKo&dib_tag=se&keywords=laptops&qid=1739042221&sprefix=laptops%2Caps%2C261&sr=8-8
,,,
,,,
"HP 15s, 12th Gen Intel Core i3-1215U, 8GB DDR4, 512GB SSD, (Win 11, Office 21, Silver, 1.69kg), Anti-Glare, 15.6-inch (39.6cm) FHD Laptop, Intel UHD Graphics, HD Camera, Dual Speakers, fy5011TU","36,990",3.7 out of 5 stars,https://amazon.in//HP-i3-1215U-Anti-Glare-15-6-inch-Graphics/dp/B0D4LZMJ5Z/ref=sr_1_9?crid=4EWMQE3KTUMK&dib=eyJ2IjoiMSJ9.vhRlXsQCtqAyUobK7c89a7xEDpoNHsX-CnC61TnqBV-MXtNv23xcYWXK-95uyHZqYMS9Lq3cygKjk82hwSRU4vofezdBCbcten8eB1ZTj5rWLJi3mofxz6uhZYK3yny-X6Mwhq33-MghpFY_ECGhllI8CvPoksi0ojRR8cHdTES6hjRfUgsGqP7-FmOODlbBTVzy7l5vhu1L6a1My-g0CilpaZCFWGhLSAYPdyYvHLA.v5I8x4IioCzeZDHx2LP7zvJ8Vq_zc7yYBjlRSTKzyKo&dib_tag=se&keywords=laptops&qid=1739042221&sprefix=laptops%2Caps%2C261&sr=8-9
,,,
,,,
"ASUS TUF Gaming A15, 15.6"" (39.62cm) FHD 16:9 144Hz, AMD Ryzen 7 7435HS, Gaming Laptop (16 DDR5/512GB SSD/NVIDIA GeForce RTX 2050/Windows 11 Home/Graphite Black/2.30 Kg), FA506NFR-HN045W","58,990",4.0 out of 5 stars,https://amazon.in//ASUS-Gaming-15-6-39-62cm-FA506NFR-HN045W/dp/B0CDQ5CW9V/ref=sr_1_10?crid=4EWMQE3KTUMK&dib=eyJ2IjoiMSJ9.vhRlXsQCtqAyUobK7c89a7xEDpoNHsX-CnC61TnqBV-MXtNv23xcYWXK-95uyHZqYMS9Lq3cygKjk82hwSRU4vofezdBCbcten8eB1ZTj5rWLJi3mofxz6uhZYK3yny-X6Mwhq33-MghpFY_ECGhllI8CvPoksi0ojRR8cHdTES6hjRfUgsGqP7-FmOODlbBTVzy7l5vhu1L6a1My-g0CilpaZCFWGhLSAYPdyYvHLA.v5I8x4IioCzeZDHx2LP7zvJ8Vq_zc7yYBjlRSTKzyKo&dib_tag=se&keywords=laptops&qid=1739042221&sprefix=laptops%2Caps%2C261&sr=8-10
